Date,Biden Chance,Trump Chance,Biden Electoral,Trump Electoral,Alabama Biden,Alabama Trump,Alaska Biden,Alaska Trump,Arizona Biden,Arizona Trump,Arkansas Biden,Arkansas Trump,California Biden,California Trump,Colorado Biden,Colorado Trump,Connecticut Biden,Connecticut Trump,Delaware Biden,Delaware Trump,District of Columbia Biden,District of Columbia Trump,Florida Biden,Florida Trump,Georgia Biden,Georgia Trump,Hawaii Biden,Hawaii Trump,Idaho Biden,Idaho Trump,Illinois Biden,Illinois Trump,Indiana Biden,Indiana Trump,Iowa Biden,Iowa Trump,Kansas Biden,Kansas Trump,Kentucky Biden,Kentucky Trump,Louisiana Biden,Louisiana Trump,Maine Biden,Maine Trump,Maine 1 Biden,Maine 1 Trump,Maine 2 Biden,Maine 2 Trump,Maryland Biden,Maryland Trump,Massachusetts Biden,Massachusetts Trump,Michigan Biden,Michigan Trump,Minnesota Biden,Minnesota Trump,Mississippi Biden,Mississippi Trump,Missouri Biden,Missouri Trump,Montana Biden,Montana Trump,Nebraska Biden,Nebraska Trump,Nebraska 1 Biden,Nebraska 1 Trump,Nebraska 2 Biden,Nebraska 2 Trump,Nebraska 3 Biden,Nebraska 3 Trump,Nevada Biden,Nevada Trump,New Hampshire Biden,New Hampshire Trump,New Jersey Biden,New Jersey Trump,New Mexico Biden,New Mexico Trump,New York Biden,New York Trump,North Carolina Biden,North Carolina Trump,North Dakota Biden,North Dakota Trump,Ohio Biden,Ohio Trump,Oklahoma Biden,Oklahoma Trump,Oregon Biden,Oregon Trump,Pennsylvania Biden,Pennsylvania Trump,Rhode Island Biden,Rhode Island Trump,South Carolina Biden,South Carolina Trump,South Dakota Biden,South Dakota Trump,Tennessee Biden,Tennessee Trump,Texas Biden,Texas Trump,Utah Biden,Utah Trump,Vermont Biden,Vermont Trump,Virginia Biden,Virginia Trump,Washington Biden,Washington Trump,West Virginia Biden,West Virginia Trump,Wisconsin Biden,Wisconsin Trump,Wyoming Biden,Wyoming Trump
May 5,67.7,32.3,325.2,212.8,4.5,95.5,27.7,72.4,54.2,45.8,8.6,91.4,99.4,0.6,73.7,26.3,89,11,91.1,9,100,0,58.4,41.6,47.7,52.3,99.4,0.6,5.2,94.8,91.5,8.5,17.3,82.7,48.4,51.6,16.7,83.3,8.4,91.6,13.5,86.5,71.5,28.5,87.5,12.5,54,46,97.8,2.2,98.6,1.5,67.2,32.8,65.3,34.7,12.1,87.9,24.7,75.3,21.5,78.5,10.3,89.7,18.5,81.5,50.3,49.7,0.9,99.1,64.7,35.3,64.2,35.8,94.3,5.7,78.7,21.3,98.4,1.6,55.3,44.7,6.9,93.1,53.8,46.2,2.3,97.7,85.3,14.7,64.7,35.3,92.5,7.5,24.9,75.1,9.8,90.2,10.1,89.9,43.2,56.8,21,79,97.7,2.3,69.7,30.4,95,5,5.1,94.9,60.6,39.4,0.5,99.5
May 6,67.1,32.9,323.3,214.7,4.3,95.7,26.7,73.3,53.8,46.2,8,92,99.2,0.8,73.7,26.3,88.5,11.5,90.7,9.3,100,0,57.9,42.1,46.8,53.2,99.4,0.6,4.9,95.1,91.1,8.9,16.7,83.3,48,52,16.4,83.6,7.9,92.1,12.7,87.3,71.3,28.7,86.9,13.2,53.4,46.6,97.8,2.2,98.8,1.3,66.7,33.3,64.8,35.3,11.2,88.8,23.8,76.2,20.8,79.2,9.6,90.4,18.1,81.9,49.8,50.2,0.8,99.2,64.3,35.7,63.4,36.6,94.3,5.7,78.2,21.8,98.4,1.6,55.5,44.5,6.5,93.6,52.7,47.3,2.2,97.9,84.4,15.6,64.1,35.9,92.4,7.6,24.7,75.3,9.4,90.6,10,90,43.2,56.8,21,79,97.6,2.4,69.2,30.8,94.9,5.1,4.7,95.3,60.1,39.9,0.3,99.7
May 7,67,33,323.1,214.9,4.3,95.7,26.4,73.7,53.6,46.4,7.7,92.3,99.2,0.8,73.6,26.4,89.1,10.9,90.9,9.1,100,0,57.9,42.1,47.5,52.5,99.4,0.6,4.7,95.3,91,9,16.4,83.6,48,52,16.1,83.9,7.9,92.1,12.9,87.1,71.3,28.7,87,13,53.5,46.5,97.6,2.4,98.7,1.3,67,33,64.2,35.8,11.6,88.4,23.5,76.5,20.8,79.1,9.5,90.5,17.6,82.4,49.6,50.4,0.8,99.3,64.6,35.4,63.7,36.3,94,6,78,22,98.6,1.5,55.6,44.4,6.4,93.6,52.6,47.4,1.9,98.1,84.3,15.7,64.1,35.9,92.1,7.9,24.4,75.6,9,91,9.8,90.2,42.7,57.4,21.3,78.7,97.8,2.2,69.2,30.8,95,5,4.9,95.1,60,40,0.4,99.6
May 8,67,33,323.4,214.6,4,96,26.9,73.1,53.7,46.3,7.9,92.2,99.2,0.8,73.5,26.5,88.7,11.3,90.8,9.2,100,0,57.8,42.2,47.8,52.2,99.4,0.6,4.6,95.5,91,9,16.4,83.6,47.9,52.1,16,84,7.8,92.2,12.6,87.4,71.7,28.3,86.8,13.2,53.7,46.3,97.8,2.2,98.8,1.2,67,33,64.3,35.7,11.4,88.6,23.9,76.1,20.9,79.1,9.5,90.6,17.8,82.2,49.2,50.8,0.8,99.2,63.9,36.1,63.9,36.1,94.1,5.9,78.3,21.7,98.6,1.4,55.5,44.5,6.6,93.4,52.9,47.1,2.1,97.9,85.1,15,64,36,92.5,7.5,24.8,75.2,9.1,90.9,9.9,90.1,42.6,57.4,20.5,79.5,97.7,2.3,69.5,30.5,95.2,4.8,4.8,95.2,61.6,38.4,0.3,99.7
May 9,67.5,32.5,324.5,213.5,4.3,95.7,27.1,72.9,54.1,45.9,7.8,92.2,99.2,0.8,74,26,89.3,10.7,91.2,8.8,100,0,58.3,41.7,48.1,51.9,99.5,0.5,5,95.1,91.3,8.7,17,83,47.9,52.1,16.1,83.9,8,92,12.7,87.3,71.9,28.1,87.1,12.9,54.4,45.6,97.8,2.3,98.8,1.2,67.2,32.8,64.9,35.1,11.2,88.8,23.8,76.2,20.5,79.5,9.3,90.7,17.3,82.7,50.3,49.7,0.9,99.2,64.4,35.6,63.6,36.4,94.4,5.6,78.5,21.5,98.6,1.4,54.9,45.1,6.4,93.7,53.2,46.8,2.1,97.9,84.7,15.3,64.2,35.8,92.8,7.2,24.9,75.1,9.2,90.8,10.4,89.6,43.4,56.6,20.8,79.2,98,2,69.5,30.5,95.1,4.9,4.7,95.3,61.6,38.4,0.4,99.6
May 10,67.2,32.8,323.4,214.6,4,96,26.1,73.9,53.8,46.2,7.4,92.6,99.3,0.7,73.8,26.2,89,11,91.1,8.9,100,0,57.9,42.1,47.5,52.5,99.4,0.6,4.2,95.8,91.4,8.6,16.3,83.7,48.3,51.7,16.1,83.9,7.8,92.2,12.7,87.4,71.2,28.8,87,13,53.5,46.5,97.6,2.4,98.8,1.2,67.2,32.8,64.5,35.5,11,89,23.6,76.4,20.4,79.6,9.1,90.9,17.7,82.3,49.5,50.5,0.8,99.2,64.5,35.5,63.8,36.2,94.4,5.6,78.3,21.7,98.6,1.4,54.6,45.4,6.3,93.7,52.1,47.9,1.9,98.1,84.6,15.4,64.6,35.4,92.4,7.6,24.9,75.1,9,91,9.7,90.3,42.8,57.2,20.8,79.2,97.6,2.4,69.3,30.8,95.4,4.6,4.6,95.4,61.3,38.7,0.3,99.7
May 11,67.8,32.2,324.4,213.6,3.9,96.1,26.6,73.4,54.5,45.5,7.8,92.3,99.3,0.7,73.9,26.1,88.9,11.1,90.8,9.2,100,0,58.2,41.8,48.2,51.8,99.5,0.5,4.4,95.6,91.4,8.6,16.2,83.8,48.4,51.6,16.2,83.8,7.6,92.4,12.6,87.4,71.9,28.1,87.4,12.6,53.3,46.7,97.9,2.1,98.7,1.3,67.9,32.1,64.8,35.2,11,89,24.1,75.9,20.4,79.6,9.1,90.9,18.2,81.8,49.7,50.3,0.7,99.3,64.7,35.3,63.7,36.3,94.4,5.6,79.2,20.8,98.5,1.5,55.1,44.9,6.2,93.8,52.6,47.4,1.8,98.2,84.7,15.3,65.3,34.7,92.6,7.4,24.8,75.2,8.7,91.3,9.7,90.3,42.9,57.1,21.2,78.8,97.6,2.4,69.7,30.3,95.3,4.7,4.5,95.5,62,38,0.3,99.7
May 12,67.6,32.4,324.1,213.9,3.7,96.3,26.5,73.5,53.7,46.3,7.4,92.6,99.5,0.5,73.6,26.4,89.3,10.7,90.8,9.2,100,0,57.9,42.1,47.7,52.3,99.6,0.4,4.3,95.7,91.6,8.4,16.4,83.6,48.5,51.5,16.4,83.6,7.7,92.3,12.4,87.6,72.1,27.9,87.4,12.6,53.4,46.6,97.9,2.1,98.8,1.2,67.5,32.5,64.6,35.4,11.2,88.8,23.8,76.2,20.3,79.7,8.9,91.1,17.8,82.2,49.8,50.2,0.7,99.3,64,36,63.9,36.1,94.5,5.5,78.5,21.5,98.7,1.3,55.1,44.9,6.3,93.7,53.1,46.9,1.9,98.1,85,15,64.5,35.5,92.8,7.2,24.5,75.5,8.5,91.5,9.5,90.5,43,57,20.4,79.6,98,2,70.1,30,95.3,4.7,4.4,95.6,61.7,38.3,0.2,99.8
May 13,67,33,323.1,214.9,3.6,96.4,26.2,73.8,54.1,45.9,7.3,92.7,99.3,0.7,73.4,26.6,89.1,10.9,90.9,9.1,100,0,58.6,41.4,47.4,52.6,99.5,0.5,4.4,95.6,91.8,8.2,16.5,83.5,48.1,51.9,16,84,7.6,92.4,12.5,87.5,71.6,28.4,87.2,12.8,53.5,46.5,97.8,2.2,98.8,1.2,67.2,32.8,64.2,35.8,11.2,88.8,23.4,76.6,19.9,80.1,8.9,91.1,16.8,83.2,49.9,50.1,0.7,99.3,64.5,35.6,63.1,36.9,94.3,5.7,78.3,21.7,98.7,1.3,54.2,45.8,6.2,93.8,52.1,47.9,1.9,98.1,85.1,14.9,62.7,37.3,92.9,7.1,24.4,75.6,8.7,91.3,9.4,90.6,42.7,57.3,20.2,79.8,97.8,2.2,69.4,30.6,95.4,4.6,4.5,95.5,61.8,38.3,0.3,99.7
May 14,67.9,32.1,325.1,212.9,3.6,96.4,27,73,54.9,45.1,7.6,92.4,99.4,0.6,73.7,26.3,89.6,10.5,91.8,8.2,100,0,59.2,40.8,47.8,52.2,99.5,0.5,4.4,95.6,92.3,7.7,16.5,83.5,48.3,51.7,15.9,84.1,7.7,92.3,12.8,87.2,72.2,27.8,87.7,12.3,54.6,45.4,98,2,98.8,1.2,67.4,32.6,65.8,34.2,10.9,89.1,23.7,76.3,20.3,79.7,9.2,90.8,17.5,82.5,50.5,49.5,0.6,99.4,64.7,35.3,63.6,36.4,95.1,5,78.9,21.1,98.7,1.3,54.8,45.2,6.1,93.9,52.8,47.2,1.6,98.4,85.7,14.3,64.1,35.9,93.4,6.7,24.9,75.1,8.9,91.1,9.3,90.7,42.9,57.1,20.7,79.3,98.1,1.9,70.3,29.7,95.5,4.5,4.6,95.4,63,37,0.3,99.7
May 15,67.4,32.6,323.7,214.3,3.5,96.5,26.4,73.6,53.6,46.4,7.6,92.4,99.4,0.6,73.9,26.1,89.6,10.4,91.8,8.3,100,0,58.4,41.6,47.6,52.4,99.6,0.4,4.3,95.7,91.7,8.3,16.1,83.9,47.8,52.3,15.5,84.5,6.2,93.8,12.4,87.6,71.9,28.1,87.8,12.2,54.1,45.9,98.2,1.8,98.9,1.1,67.2,32.8,65.5,34.5,10.3,89.7,23.2,76.8,19.8,80.2,8.9,91.1,17.5,82.5,49.6,50.4,0.7,99.3,64.4,35.6,64.1,35.9,94.9,5.1,78.9,21.1,98.6,1.4,54.4,45.6,6,94,52.2,47.8,1.7,98.3,85.3,14.7,63.6,36.4,93.1,6.9,24,76.1,8.4,91.6,8.8,91.2,43,57,22.1,77.9,98.1,1.9,70.1,29.9,95.6,4.4,4.3,95.7,62.2,37.8,0.3,99.7
May 16,68.2,31.8,325.2,212.8,3.6,96.4,26.7,73.3,54.6,45.4,7.8,92.2,99.4,0.6,74.1,25.9,90,10,91.6,8.4,100,0,59.1,40.9,47.9,52.1,99.5,0.5,4.6,95.4,92,8,16.2,83.8,48.1,51.9,16.1,83.9,6.4,93.6,12.6,87.4,72.6,27.4,88.1,11.9,54.1,45.9,98.2,1.9,99.1,0.9,67.1,32.9,65.8,34.2,10.5,89.5,23.5,76.5,20.1,79.9,9.2,90.8,17.8,82.2,49.8,50.2,0.7,99.3,64.9,35.1,64.6,35.4,95.1,4.9,79.4,20.6,98.9,1.1,54.9,45.1,6.1,93.9,52.3,47.7,1.7,98.4,85.9,14.1,64.2,35.8,93.4,6.6,24.7,75.3,8.5,91.5,9.1,90.9,43,57,22.6,77.4,98.3,1.7,71.3,28.7,95.7,4.3,4.3,95.7,62.9,37.1,0.2,99.8
May 17,67.9,32.1,324.5,213.5,3.6,96.4,26.3,73.7,54.2,45.8,7.2,92.8,99.4,0.6,74.4,25.6,89.8,10.2,91.9,8.2,100,0,58.9,41.1,47.7,52.3,99.6,0.4,4.3,95.8,92,8,15.8,84.2,48.1,51.9,15.9,84.1,6.4,93.6,12.1,87.9,72.5,27.5,88.1,11.9,54,46,98.1,1.9,99.1,0.9,66.3,33.7,65.5,34.5,10.6,89.4,23.1,76.9,20.2,79.8,8.6,91.4,17,83,50.1,49.9,0.7,99.3,64.7,35.3,64,36,95.2,4.8,79.1,20.9,98.9,1.1,54.4,45.6,5.8,94.3,52.8,47.2,1.5,98.5,85.4,14.6,64,36,93.2,6.8,23.6,76.4,8.3,91.7,8.8,91.2,43.3,56.7,22.4,77.6,98.4,1.7,70.9,29.1,95.8,4.2,4.1,95.9,62.6,37.4,0.2,99.8
May 18,68,32,324.5,213.5,3.3,96.8,26.5,73.5,54.1,45.9,7.4,92.7,99.5,0.5,73.8,26.2,89.8,10.2,91.7,8.3,100,0,59.4,40.6,47.5,52.5,99.6,0.4,4.2,95.8,92.6,7.4,16,84,48.1,51.9,15.6,84.4,6.4,93.6,12.1,87.9,72.8,27.2,88,12,54.4,45.6,98.2,1.8,98.9,1.1,67.3,32.7,66.1,33.9,10.5,89.5,22.9,77.1,19.6,80.4,8.8,91.2,17.3,82.7,50.1,49.9,0.6,99.4,65.3,34.7,64.2,35.8,95.2,4.8,79.2,20.8,98.9,1.1,54.6,45.4,5.6,94.4,52,48,1.5,98.5,85.8,14.2,64.1,35.9,93.5,6.5,23.9,76.1,8.4,91.6,8.8,91.2,42,58,22.3,77.7,98.3,1.7,71.4,28.6,95.8,4.2,4.1,95.9,62.6,37.4,0.2,99.8
May 19,68.4,31.6,325.5,212.5,3.6,96.4,26.5,73.5,54.7,45.3,7.4,92.6,99.5,0.5,74.9,25.2,90.3,9.7,92.1,7.9,100,0,59.6,40.4,47.7,52.3,99.7,0.3,4.1,95.9,92.5,7.5,15.8,84.2,48,52,15.8,84.2,5.9,94.1,12.7,87.3,72.9,27.1,88.3,11.7,55.2,44.8,98.4,1.6,99.1,0.9,67.1,32.9,65.6,34.4,10.1,89.9,23.8,76.2,19.7,80.3,9.3,90.7,17.5,82.5,50.9,49.1,0.6,99.4,65.2,34.8,64.3,35.7,95.2,4.8,80,20,99.1,0.9,54.9,45.1,5.9,94.1,52.8,47.2,1.5,98.5,86.1,13.9,64,36,93.8,6.2,23.8,76.2,8.5,91.5,8.9,91.1,42.8,57.2,22.2,77.8,98.3,1.7,70.8,29.2,96.4,3.6,4.2,95.8,62.9,37.1,0.3,99.7
May 20,68.6,31.4,326.8,211.2,3.5,96.5,27.1,72.9,54.8,45.3,7.6,92.4,99.5,0.5,74.9,25.1,90.7,9.3,92.5,7.5,100,0,59.7,40.3,48.2,51.8,99.7,0.3,4.2,95.8,92.3,7.7,16.2,83.8,48.3,51.7,15.9,84.1,6.2,93.8,12.6,87.4,73,27,88.5,11.5,55.3,44.7,98.4,1.6,99.1,0.9,67.3,32.7,67.6,32.4,10.1,89.9,23.9,76.1,20.3,79.7,9.5,90.5,18,82,51.4,48.6,0.7,99.3,65.5,34.5,64.4,35.6,95.3,4.7,80.6,19.4,98.9,1.1,55.2,44.9,6.2,93.8,52.8,47.2,1.5,98.6,86.5,13.5,64.9,35.1,93.9,6.1,24.1,75.9,8.5,91.5,8.9,91.1,43.8,56.2,22.5,77.6,98.6,1.4,70.8,29.2,96.7,3.3,4.4,95.6,63.5,36.6,0.2,99.8
May 21,68,32,325,213,3.4,96.6,26.8,73.2,54,46,7.5,92.5,99.6,0.4,74.6,25.4,90.7,9.3,92,8,100,0,59.2,40.8,47.8,52.2,99.8,0.2,4.2,95.8,92.9,7.1,15.6,84.4,48.1,51.9,15.4,84.6,5.9,94.1,12.2,87.8,72.6,27.5,88.3,11.7,54.1,45.9,98.4,1.6,99.1,0.9,66.4,33.6,66.9,33.2,10,90,23.2,76.8,19,81,8.9,91.1,17.3,82.7,50.2,49.8,0.7,99.3,64.6,35.4,64.2,35.8,95.4,4.6,80.1,19.9,98.8,1.2,54.6,45.4,5.7,94.4,52.1,47.9,1.4,98.6,85.8,14.2,64.2,35.8,93.9,6.1,23.7,76.4,8.8,91.2,8.6,91.5,43.3,56.8,21.8,78.2,98.5,1.5,70.5,29.5,96.5,3.5,4.2,95.8,62.6,37.4,0.2,99.8
May 22,68,32,324.8,213.2,3.4,96.6,26.7,73.3,54.2,45.8,7.4,92.6,99.5,0.5,74.6,25.4,90.5,9.5,92.3,7.7,100,0,59.1,40.9,48,52,99.7,0.3,3.8,96.2,92.8,7.2,15.4,84.6,48.3,51.7,15.5,84.5,5.8,94.2,12.1,87.9,72.7,27.3,88.3,11.7,54.7,45.3,98.4,1.6,99.1,0.9,66.8,33.2,66.1,33.9,10.1,89.9,23.1,76.9,19.3,80.7,8.6,91.4,16.8,83.2,49.5,50.5,0.6,99.4,65.1,34.9,64.3,35.7,95.2,4.8,80.2,19.8,98.8,1.2,54.2,45.8,5.7,94.3,51.9,48.1,1.5,98.5,86.1,13.9,63.9,36.1,93.9,6.1,23.9,76.1,8.3,91.7,9.6,90.4,42.7,57.3,21.7,78.3,98.6,1.4,70.7,29.3,96.4,3.6,4.2,95.8,62.9,37.1,0.1,99.9
May 23,68.2,31.8,325.3,212.7,3.1,96.9,26.2,73.8,54,46,7.1,92.9,99.5,0.5,75,25,90.7,9.3,92.3,7.7,100,0,59,41,47.4,52.6,99.7,0.3,3.8,96.2,93,7,16.2,83.8,48,52,15.7,84.3,5.6,94.4,12.1,87.9,72.6,27.4,88.7,11.3,54.9,45.1,98.5,1.5,99.1,0.9,66.9,33.1,67.4,32.6,10,90,22.8,77.2,19.2,80.8,8.9,91.1,17.4,82.6,50.1,49.9,0.5,99.5,65,35,64,36,95.2,4.8,80.1,19.9,98.9,1.1,54,46,5.6,94.5,52.4,47.6,1.3,98.7,86.4,13.6,64.5,35.5,94.1,5.9,23.4,76.6,8.4,91.6,9.9,90.1,43.1,56.9,22.5,77.5,98.5,1.5,70.7,29.3,96.8,3.2,3.9,96.1,62.9,37.1,0.2,99.8
May 24,68.4,31.6,325.5,212.5,2.9,97.1,26.4,73.6,54.4,45.6,7.1,92.9,99.6,0.4,74.8,25.2,90.7,9.3,92.6,7.4,100,0,58.9,41.1,48.3,51.7,99.7,0.3,3.8,96.2,92.8,7.2,16.1,83.9,47.7,52.3,15.5,84.5,5.8,94.2,12.2,87.8,73.1,26.9,88.7,11.3,54.8,45.2,98.6,1.4,99.1,0.9,66.5,33.5,66.9,33.1,9.7,90.3,22.8,77.3,19.1,80.9,8.2,91.8,17,83,50.7,49.3,0.5,99.5,65.1,34.9,64.5,35.5,95.7,4.3,79.9,20.1,98.9,1.1,54.9,45.1,5.8,94.2,52.5,47.5,1.3,98.7,86.4,13.6,64.1,35.9,93.8,6.2,23.6,76.4,7.9,92.1,9.5,90.5,43.2,56.8,22.4,77.6,98.5,1.5,71.1,28.9,96.7,3.3,4,96,63.2,36.8,0.2,99.8
May 25,68.4,31.6,325.3,212.7,3.1,96.9,26.5,73.5,54,46,6.6,93.4,99.5,0.5,75,25,90.8,9.2,92.8,7.2,100,0,58.8,41.2,48.1,51.9,99.8,0.2,4,96.1,92.6,7.5,16.1,83.9,48.3,51.7,14.9,85.1,5.5,94.5,11.8,88.2,73.3,26.7,88.6,11.4,54.9,45.1,98.6,1.4,99.2,0.8,67,33,66.3,33.7,9.6,90.4,22.8,77.2,19.3,80.7,8.1,91.9,16.8,83.2,50.4,49.6,0.5,99.5,65.3,34.7,64.6,35.4,95.5,4.5,80.6,19.4,99,1,54.9,45.1,5.2,94.8,52.7,47.3,1.3,98.7,86.8,13.2,64.1,35.9,94.3,5.7,23.6,76.4,8,92,9.5,90.5,42.8,57.2,22.4,77.6,98.6,1.4,70.9,29.1,96.9,3.1,3.7,96.3,63,37,0.2,99.8
May 26,68.8,31.2,327,211,3.1,96.9,27.1,72.9,54.3,45.8,7.1,92.9,99.6,0.5,75.6,24.3,91.3,8.7,92.7,7.4,100,0,59.7,40.3,48.7,51.4,99.8,0.2,4,96,93.3,6.7,16.2,83.8,48.3,51.7,15.6,84.4,5.6,94.4,12.4,87.6,73.5,26.5,89.3,10.7,55.7,44.3,98.9,1.1,99.3,0.7,67.6,32.4,67.5,32.5,9.8,90.2,23.5,76.5,19.3,80.7,8.7,91.3,17.7,82.3,51.1,48.9,0.5,99.5,65.8,34.2,65,35,95.8,4.2,81.1,18.9,99.1,0.9,54.8,45.2,6,94,53.2,46.8,1.2,98.8,86.9,13.1,65,35,94.5,5.5,23,77,8.1,91.9,9.6,90.4,43,57,22.3,77.7,98.8,1.2,71.7,28.3,97,3,3.9,96.1,63,37,0.2,99.8
May 27,67.9,32.1,324.7,213.3,3,97,25.5,74.5,54.3,45.7,6.6,93.4,99.6,0.4,74.9,25.1,90.5,9.5,92.6,7.4,100,0,58.5,41.5,47.6,52.4,99.8,0.2,3.8,96.2,92.8,7.2,15.9,84.1,47.4,52.6,15,85,5.8,94.2,11.3,88.7,73,27,88.6,11.5,54.7,45.3,98.7,1.3,99.2,0.8,67,33,66.4,33.6,9.6,90.4,22.6,77.4,18.8,81.2,8.2,91.8,16.4,83.6,50.3,49.7,0.4,99.6,65,35,64.6,35.4,95.8,4.2,80.6,19.4,99.1,0.9,54.2,45.8,5.2,94.8,52.1,47.9,1.1,98.9,86.3,13.7,64,36,94.1,5.9,22.6,77.4,7.9,92.1,9.2,90.8,43,57,22.1,77.9,98.7,1.3,71.4,28.6,96.9,3.1,3.7,96.3,62.7,37.3,0.1,99.9
May 28,67.9,32.1,324,214,2.7,97.3,25.4,74.6,53.5,46.5,6.4,93.6,99.6,0.4,74.8,25.2,90.6,9.5,92.5,7.5,100,0,58.2,41.8,47.5,52.5,99.8,0.2,3.8,96.2,93.1,6.9,15.6,84.4,46.9,53.1,14.2,85.8,5,95,11.2,88.8,73.1,26.9,89,11,53.4,46.6,98.4,1.6,99.3,0.8,67.2,32.8,66.7,33.3,9.2,90.8,22.6,77.4,18.2,81.8,7.9,92.1,16.6,83.4,49.9,50.1,0.4,99.6,64.4,35.6,64,36,95.7,4.3,80.1,19.9,99,1,53.5,46.5,5.4,94.6,52.2,47.8,1,99,86.5,13.5,64.4,35.6,94,6,22.5,77.5,7.7,92.3,9.2,90.8,42.8,57.2,21.3,78.7,98.8,1.2,70.9,29.1,96.9,3.1,3.6,96.4,62.5,37.5,0.2,99.9
May 29,68.4,31.6,325.3,212.7,2.8,97.2,25.7,74.3,54.3,45.7,6.6,93.4,99.7,0.3,75.7,24.3,91.2,8.8,92.6,7.4,100,0,59.4,40.6,47.7,52.3,99.8,0.2,3.5,96.6,93.2,6.8,16,84,47.6,52.5,14.6,85.4,5.3,94.7,11.4,88.6,73.5,26.5,88.6,11.4,55,45,98.7,1.3,99.3,0.7,67.3,32.7,66.7,33.3,9,91,23.5,76.5,18.9,81.2,7.7,92.3,16.6,83.4,50.1,49.9,0.4,99.6,65.1,34.9,64.5,35.5,95.7,4.3,80.4,19.6,99.1,0.9,54.3,45.7,5.1,94.9,52.2,47.8,1.2,98.8,86.5,13.5,64.6,35.4,94.2,5.8,22.4,77.6,7.6,92.4,8.9,91.1,42.4,57.6,22.5,77.5,98.6,1.4,71.3,28.7,97.1,2.9,3.5,96.5,63.3,36.7,0.1,99.9
May 30,68.3,31.7,324.5,213.5,2.8,97.2,25.3,74.7,54,46,6.4,93.6,99.6,0.4,75.6,24.4,91,9,92.9,7.2,100,0,58.7,41.3,47.8,52.2,99.8,0.2,3.4,96.6,93.2,6.8,15.4,84.6,46.6,53.4,14.6,85.4,5.3,94.7,11.1,88.9,73.1,26.9,89.1,10.9,54.5,45.5,98.9,1.1,99.4,0.6,67,33,66.8,33.2,9,91,23,77,18.2,81.8,7.9,92.1,16.6,83.4,50.3,49.7,0.4,99.7,65.3,34.7,64.2,35.8,95.7,4.3,80.3,19.7,99.2,0.8,53.8,46.2,5.1,94.9,52,48,1,99,86.5,13.5,64.5,35.5,94.7,5.3,21.5,78.5,7.2,92.8,8.7,91.3,42.4,57.6,21.8,78.2,98.8,1.2,71.3,28.7,97.1,2.9,3.4,96.6,63.1,36.9,0.1,99.9
May 31,68.5,31.5,325.3,212.7,2.7,97.3,25.7,74.3,54.4,45.6,6.5,93.5,99.6,0.4,76.3,23.7,91.6,8.4,93.2,6.8,100,0,59.3,40.7,48,52,99.9,0.1,3.1,96.9,93.7,6.3,15.7,84.3,47.1,52.9,14.8,85.2,5,95,11.4,88.6,73.6,26.4,89.6,10.4,54.9,45.1,98.8,1.3,99.4,0.6,66.9,33.1,67,33.1,9.1,90.9,22.4,77.6,18.2,81.8,8.2,91.8,16.8,83.2,51.4,48.6,0.4,99.6,65.2,34.8,64.8,35.2,96.1,3.9,80.9,19.1,99.2,0.8,54.6,45.4,5,95,52.4,47.6,1.1,98.9,87.1,12.9,62.6,37.4,94.5,5.5,22,78,7.4,92.6,8.9,91.1,43.1,56.9,21.8,78.2,98.9,1.1,71.7,28.3,97.1,2.9,3.7,96.3,61.9,38.1,0.1,99.9
Jun 1,68.3,31.7,324.9,213.1,2.4,97.6,26.3,73.7,54.2,45.8,6.9,93.1,99.7,0.3,75.6,24.4,91.6,8.4,92.9,7.1,100,0,58.4,41.6,47.9,52.1,99.8,0.2,3.5,96.5,93.6,6.4,15.6,84.4,47,53,13.9,86.1,5.3,94.7,11.4,88.6,72.9,27.1,89.5,10.5,55.1,44.9,98.9,1.1,99.4,0.6,66.6,33.4,66.8,33.2,9.1,90.9,23.1,76.9,18.1,81.9,8.3,91.7,17.3,82.8,50.9,49.1,0.6,99.4,65.6,34.4,64.3,35.7,96.1,3.9,80.9,19.1,99.1,0.9,53.8,46.2,5.4,94.6,53.1,46.9,1,99,87.4,12.6,62.7,37.3,94.9,5.1,22.4,77.6,7.7,92.3,8.6,91.4,43.2,56.9,21.5,78.6,98.9,1.1,71.4,28.6,97.2,2.8,3.6,96.4,62.2,37.8,0.2,99.8
Jun 2,68.2,31.8,324.2,213.8,2.6,97.4,25.7,74.3,54.2,45.8,6.2,93.8,99.7,0.3,75.5,24.5,91.5,8.5,93.2,6.8,100,0,58.3,41.7,47.3,52.7,99.9,0.1,3.6,96.4,93.6,6.4,14.9,85.1,47.4,52.6,13.9,86.1,4.8,95.2,11.4,88.6,72.9,27.1,89.4,10.6,54.9,45.1,98.8,1.2,99.4,0.6,66.5,33.5,66.3,33.7,8.6,91.4,22.6,77.4,18,82,8.1,91.9,16.2,83.8,50.6,49.4,0.4,99.6,64.6,35.4,64,36,95.9,4.1,80.9,19.1,99.2,0.8,53.5,46.5,5.1,94.9,52.9,47.1,1,99,87.4,12.6,62.8,37.2,95,5,22.1,77.9,7.7,92.3,8.5,91.5,42.7,57.3,21.5,78.5,98.9,1.1,71.3,28.7,97.2,2.8,3.6,96.4,62.6,37.4,0.1,99.9
Jun 3,68.4,31.6,324.6,213.4,2.3,97.7,25.7,74.3,54.8,45.2,6.2,93.8,99.7,0.3,75.7,24.3,91.8,8.2,93.4,6.6,100,0,58.6,41.4,47.4,52.6,99.9,0.1,3.3,96.7,93.4,6.6,14.7,85.3,47,53,14.1,85.9,4.7,95.3,11.1,88.9,73.2,26.8,89.4,10.6,55.1,44.9,98.8,1.2,99.4,0.6,67.5,32.5,66.7,33.3,8.5,91.5,22.8,77.2,18.3,81.8,7.6,92.4,16.2,83.8,50.3,49.7,0.4,99.6,65.4,34.7,63.8,36.2,96.1,3.9,80.8,19.3,99.3,0.7,54.2,45.8,4.7,95.3,52.3,47.7,0.9,99.1,87,13,62.5,37.5,94.7,5.3,21.4,78.6,7.1,92.9,8.6,91.4,42.9,57.1,21.7,78.3,98.9,1.1,71.5,28.5,97.2,2.8,3.5,96.5,62.9,37.1,0.1,99.9
Jun 4,69.3,30.7,326.6,211.4,2.4,97.6,26,74,54.4,45.6,6.6,93.4,99.7,0.3,76.1,23.9,91.7,8.3,93.5,6.5,100,0,59.3,40.7,48.4,51.6,99.9,0.1,3.2,96.8,94.2,5.8,14.8,85.2,48.2,51.9,13.8,86.2,4.9,95.1,11.2,88.8,73.6,26.4,89.5,10.5,55.3,44.7,99.1,1,99.5,0.5,68.1,31.9,67.2,32.8,8.8,91.2,23,77,18.5,81.5,7.6,92.4,16.6,83.4,51.8,48.2,0.3,99.7,64.8,35.2,64.8,35.2,96.2,3.8,81.5,18.5,99.3,0.7,55.3,44.7,4.8,95.2,53.8,46.2,1.2,98.8,87.5,12.5,63.7,36.3,95.1,4.9,22,78,7.6,92.4,8.8,91.2,43.4,56.6,21,79,99.1,0.9,72.4,27.6,97.4,2.7,3.4,96.6,63.5,36.5,0.1,99.9
Jun 5,69.7,30.3,328.1,209.9,2.5,97.5,26.8,73.2,54.8,45.2,6.9,93.1,99.7,0.3,77.1,22.9,92.2,7.8,93.8,6.2,100,0,60.1,39.9,48.8,51.2,99.9,0.1,3.3,96.7,94,6,15.3,84.7,48.6,51.4,14,86,4.9,95.1,11.6,88.4,74.1,26,90.2,9.8,55.4,44.6,99.1,0.9,99.5,0.5,68.7,31.3,67.8,32.2,8.9,91.1,23.1,77,18.4,81.6,8.2,91.8,17,83,51.4,48.6,0.5,99.6,66,34,65.4,34.7,96.4,3.6,81.9,18.1,99.3,0.7,55.2,44.8,5.2,94.8,53.4,46.6,1.3,98.7,88.3,11.7,63.7,36.3,95.2,4.8,22.4,77.6,8,92,8.8,91.2,44.2,55.8,22.1,77.9,99.1,0.9,72.3,27.7,97.5,2.5,3.5,96.5,63.7,36.3,0.1,99.9
Jun 6,69.4,30.6,327.8,210.2,2.6,97.4,27.3,72.7,55.5,44.5,7,93,99.8,0.2,76.9,23.2,92.4,7.6,93.9,6.1,100,0,59.2,40.8,48.6,51.4,99.9,0.1,3.7,96.3,94.7,5.3,15.3,84.7,48.1,51.9,14,86,4.9,95.1,12.2,87.8,74,26,90.3,9.7,56.1,43.9,99.1,0.9,99.6,0.4,67.7,32.3,67.6,32.4,8.5,91.6,22.8,77.2,18.2,81.8,8.1,91.9,17.1,82.9,52.2,47.8,0.4,99.6,65.5,34.5,65.4,34.6,96.5,3.5,82.5,17.5,99.4,0.6,55.2,44.8,5.3,94.7,53.4,46.6,1.2,98.8,88.4,11.6,63.8,36.2,95.7,4.4,22.5,77.5,7.8,92.2,8.6,91.5,43.7,56.3,22.1,77.9,99.4,0.6,72.6,27.4,97.7,2.3,3.8,96.2,63.4,36.6,0.1,99.9
Jun 7,69.6,30.4,328.2,209.8,2.5,97.5,27.3,72.7,55.3,44.7,6.8,93.2,99.7,0.3,77,23,92.7,7.3,94.3,5.7,100,0,59.4,40.6,48.2,51.8,99.9,0.1,3.6,96.4,94.7,5.3,15.2,84.8,48.5,51.5,14.3,85.7,5,95,12.1,87.9,74.9,25.1,91,9,56.9,43.1,99.2,0.8,99.5,0.5,69,31,67.8,32.2,8.9,91.1,22.9,77.1,18.6,81.5,8.5,91.5,17.1,82.9,52.6,47.4,0.4,99.6,66.4,33.6,65.5,34.5,96.5,3.5,83.4,16.6,99.4,0.6,54.5,45.5,5.6,94.4,53.5,46.5,1.2,98.8,88.8,11.2,63.7,36.3,95.6,4.4,22.2,77.8,7.9,92.1,8.6,91.4,43.8,56.2,22.3,77.7,99.4,0.6,73,27,97.7,2.3,3.9,96.1,63.8,36.2,0.1,99.9
Jun 8,69.8,30.2,329.2,208.8,2.6,97.4,27.3,72.7,55.3,44.7,7,93,99.8,0.2,77.2,22.8,93,7,94.7,5.3,100,0,59.6,40.4,48.5,51.5,100,0.1,3.7,96.3,95,5,15.1,84.9,48.9,51.1,13.6,86.4,5.1,94.9,11.9,88.1,75.1,25,91.2,8.8,56.9,43.1,99.3,0.7,99.6,0.4,69.5,30.5,68.2,31.9,8.7,91.3,23.1,76.9,18.1,81.9,8.6,91.4,17.7,82.3,52.9,47.1,0.4,99.6,66.8,33.2,66.1,33.9,96.7,3.4,82.9,17.1,99.4,0.6,56.1,43.9,5.6,94.4,53.9,46.1,1.3,98.7,89.1,10.9,63.7,36.3,95.9,4.1,22.4,77.6,8.3,91.8,8.8,91.2,44,56,22.3,77.7,99.5,0.5,72.9,27.1,98,2,3.8,96.2,64.4,35.7,0.2,99.8
Jun 9,69.2,30.8,327.5,210.5,2.2,97.8,27.6,72.4,54.4,45.6,7.4,92.6,99.8,0.2,76.9,23.1,92.7,7.3,94.4,5.6,100,0,59.1,40.9,48.7,51.3,100,0,3.6,96.4,94.9,5.1,14.6,85.4,48.3,51.7,13.5,86.5,4.8,95.3,11.5,88.5,74.2,25.9,91.1,8.9,56.4,43.6,99.4,0.6,99.7,0.3,68.4,31.6,67.6,32.4,8.3,91.7,22.5,77.5,17.9,82.1,8.1,91.9,16.7,83.3,52.9,47.1,0.5,99.5,66,34,64.9,35.1,96.7,3.3,83,17.1,99.4,0.6,55.1,44.9,5.2,94.8,53,47,1.2,98.8,88.6,11.4,63,37,96.1,3.9,21.9,78.1,7.9,92.1,8.4,91.6,43.6,56.4,22.4,77.6,99.4,0.6,72.7,27.3,97.9,2.1,3.7,96.3,63.5,36.5,0.2,99.9
Jun 10,70.1,29.9,330.2,207.8,2.6,97.4,28.2,71.8,56.3,43.7,7.1,92.9,99.8,0.2,77.7,22.3,93.7,6.4,94.5,5.5,100,0,60.3,39.7,48.9,51.1,100,0,3.8,96.2,95.1,4.9,15.3,84.7,48.9,51.1,13.7,86.4,5,95,11.9,88.1,75.3,24.7,91.3,8.7,57.4,42.6,99.4,0.6,99.6,0.4,69.3,30.7,68.1,31.9,8.5,91.5,23,77,18.1,81.9,8.4,91.6,17.4,82.6,53.1,46.9,0.5,99.5,67,33,65.4,34.6,97,3,83.5,16.5,99.4,0.6,55.6,44.4,5.8,94.2,54.1,45.9,1.1,98.9,89.5,10.5,64.6,35.4,96.2,3.8,22.1,77.9,8,92,8.7,91.3,44.4,55.6,22.4,77.6,99.5,0.5,73.4,26.6,98,2,4,96,64.3,35.7,0.2,99.8
Jun 11,70.4,29.6,329.9,208.1,2.2,97.8,27.5,72.6,55.5,44.5,6.9,93.1,99.8,0.2,78.1,21.9,93.3,6.7,95.1,4.9,100,0,60,40,48.7,51.3,100,0,3.7,96.3,95.2,4.8,15.2,84.8,48.9,51.1,14.2,85.8,4.7,95.3,11.9,88.1,75.6,24.4,91.1,8.9,57.5,42.5,99.4,0.6,99.7,0.3,70,30,68,32,8.2,91.8,22.6,77.4,18.4,81.6,8.3,91.7,17.4,82.6,53.1,46.9,0.4,99.6,66.5,33.5,66.1,33.9,96.8,3.2,83.5,16.5,99.5,0.5,56.3,43.7,5.7,94.3,54.3,45.7,1.1,98.9,89.9,10.1,63.7,36.3,96.5,3.5,22.1,77.9,8.1,91.9,8.4,91.6,44,56,22.3,77.7,99.5,0.5,73.6,26.4,98.1,1.9,3.7,96.3,64.7,35.3,0.2,99.8
Jun 12,70.5,29.5,329.7,208.3,2.1,97.9,27.9,72.1,55.8,44.2,6.7,93.3,99.9,0.1,78.2,21.8,93.5,6.5,95.1,4.9,100,0,60,40,49.2,50.8,100,0,3.5,96.5,95.4,4.6,15,85,48.4,51.6,13.7,86.3,4.4,95.6,11.9,88.1,75.4,24.6,91.5,8.5,58,42,99.4,0.6,99.7,0.3,69.6,30.4,68.4,31.6,8.2,91.8,22.2,77.8,17.7,82.3,8.3,91.7,17.5,82.5,53.9,46.1,0.4,99.6,66.5,33.5,65.5,34.5,96.9,3.1,84.1,15.9,99.4,0.6,55.3,44.7,5.8,94.2,54,46,1,99,89.7,10.3,64.4,35.6,96.5,3.5,21.5,78.5,7.9,92.1,8,92,44.1,55.9,22.3,77.7,99.4,0.6,73.8,26.2,98.2,1.8,3.6,96.4,64.5,35.5,0.1,99.9
Jun 13,71.7,28.3,332.1,205.9,2.2,97.8,27.9,72.1,56.1,43.9,7,93,99.8,0.2,78.6,21.4,94.2,5.8,95.5,4.5,100,0,62.8,37.2,49.4,50.6,100,0,3.8,96.2,95.9,4.1,14.7,85.3,49,51,13.8,86.2,4.6,95.4,12,88,76,24,92.1,7.9,57.9,42.1,99.5,0.5,99.8,0.2,71.6,28.4,68.5,31.5,8.7,91.3,22.6,77.4,18.2,81.8,8.9,91.1,18,82,53.6,46.4,0.4,99.6,68.3,31.7,66.6,33.5,97.4,2.6,84.4,15.6,99.6,0.4,55.7,44.4,5.7,94.3,54.4,45.6,1,99,90.4,9.6,64.4,35.6,96.9,3.1,21.9,78.1,8.4,91.6,8.4,91.6,44.4,55.7,22.4,77.6,99.6,0.4,74.3,25.7,98.3,1.7,3.8,96.2,64.9,35.1,0.1,99.9
Jun 14,71.7,28.3,332.9,205.1,2.3,97.7,28.6,71.4,56,44,7.2,92.8,99.9,0.1,78.4,21.6,94.3,5.7,95.6,4.4,100,0,63.3,36.7,49.7,50.3,100,0,4,96,96,4,15,85,49.1,50.9,13.7,86.3,4.7,95.3,12.3,87.7,76,24,92.2,7.8,58.8,41.2,99.5,0.5,99.7,0.3,71.2,28.8,69.1,30.9,8.8,91.3,22.2,77.8,18.1,81.9,8.8,91.2,18.3,81.7,54,46,0.5,99.5,68.4,31.6,66.7,33.3,97.4,2.6,85,15,99.6,0.4,56.8,43.2,6,94,54.2,45.8,1.2,98.9,90.6,9.4,64.7,35.3,97.1,2.9,22.4,77.6,8.5,91.5,8.5,91.5,44.6,55.4,22.6,77.4,99.6,0.4,74.6,25.4,98.2,1.8,4,96,64.6,35.4,0.2,99.9
Jun 15,72,28,333.3,204.7,2.2,97.8,28.6,71.4,56.1,43.9,7.1,92.9,99.9,0.1,78.7,21.3,94.5,5.5,95.7,4.3,100,0,63.2,36.8,49.8,50.2,100,0,3.9,96.1,95.8,4.2,15.2,84.8,49.4,50.6,13.8,86.2,4.4,95.6,12.2,87.8,76.1,23.9,92.2,7.8,59.5,40.5,99.6,0.4,99.7,0.3,71.5,28.5,69.2,30.8,8.8,91.3,22.5,77.5,18,82,8.8,91.2,17.8,82.2,54.4,45.6,0.4,99.6,68.8,31.2,66.7,33.3,97.3,2.7,84.8,15.2,99.7,0.3,56.4,43.6,5.5,94.5,55.1,44.9,1,99,90.9,9.1,65.6,34.4,97,3,22,78,8.5,91.5,8.6,91.4,44.5,55.5,22.8,77.2,99.6,0.4,74.3,25.7,98.4,1.6,4,96,65.2,34.8,0.2,99.9
Jun 16,72.2,27.8,334.5,203.5,2.1,97.9,30.5,69.5,56,44,7.8,92.2,99.9,0.1,79.4,20.6,94.8,5.2,96,4,100,0,63.9,36.1,50.2,49.8,100,0,4.6,95.5,96.6,3.4,15.3,84.7,49.7,50.3,14,86,4.5,95.5,13.3,86.7,76.4,23.6,92.9,7.1,59.6,40.4,99.6,0.4,99.8,0.2,71.7,28.3,69.4,30.6,9.2,90.8,22.6,77.4,18.2,81.8,9.4,90.6,18.9,81.1,56,44,0.5,99.5,69.1,30.9,66.8,33.2,97.5,2.5,86.1,13.9,99.7,0.4,56.6,43.4,6.1,93.9,55.3,44.7,1,99,91.6,8.4,65.9,34.1,97.4,2.6,21.8,78.2,8.9,91.1,8.5,91.5,44.4,55.6,23.3,76.7,99.8,0.2,74.4,25.6,98.5,1.5,4.3,95.7,65.3,34.7,0.2,99.8
Jun 17,72.5,27.5,334.4,203.6,2.2,97.8,29.7,70.3,56.2,43.8,7.4,92.6,99.9,0.1,79.4,20.6,95.2,4.8,95.9,4.1,100,0,63.5,36.5,50.1,49.9,100,0,4.2,95.8,96.4,3.6,15,85,49.6,50.4,13.8,86.2,4.3,95.7,13,87,76.6,23.4,93,7,60.6,39.4,99.6,0.4,99.8,0.2,71.3,28.7,69.7,30.3,9.1,90.9,22.3,77.7,18.5,81.5,9.2,90.8,18.6,81.4,56.2,43.8,0.5,99.5,69.4,30.7,67.1,32.9,97.5,2.5,86.1,13.9,99.7,0.3,56.7,43.3,6.1,93.9,55.2,44.8,1,99,91.2,8.8,65.8,34.2,97.6,2.4,22.1,77.9,8.5,91.5,8.5,91.5,44.7,55.3,23.1,76.9,99.8,0.2,74.9,25.1,98.5,1.5,4,96,65.3,34.7,0.2,99.8
Jun 18,72.4,27.6,334.6,203.4,2.3,97.7,29.2,70.8,56.5,43.6,7.2,92.8,99.9,0.1,79.7,20.3,94.5,5.5,96.1,3.9,100,0,63.6,36.4,50.5,49.5,100,0,3.9,96.1,96.4,3.6,15.3,84.7,49.6,50.4,14,86,3.8,96.2,12.7,87.3,76.4,23.6,93.1,6.9,59.6,40.4,99.6,0.4,99.8,0.3,71.7,28.3,69.2,30.8,8.7,91.3,22.4,77.6,18,82,8.9,91.1,17.7,82.3,55.8,44.2,0.4,99.6,69.5,30.5,67,33,97.6,2.4,86.3,13.7,99.7,0.3,56.6,43.4,5.8,94.2,54.9,45.1,1.1,98.9,91.3,8.7,65.5,34.5,97.8,2.2,22.2,77.8,8.6,91.4,8.5,91.5,45.5,54.5,21.4,78.6,99.8,0.2,75.3,24.7,98.5,1.5,4.1,95.9,65.5,34.5,0.2,99.8
Jun 19,72.5,27.5,335.1,202.9,2.2,97.8,29.9,70.1,57.2,42.8,7.6,92.4,99.9,0.1,79.8,20.2,95,5,96.1,3.9,100,0,64.2,35.8,50.3,49.7,100,0,4,96,96.3,3.7,14.9,85.1,50,50,13.8,86.2,4.1,96,12.6,87.4,76.6,23.4,92.9,7.1,60.6,39.4,99.7,0.3,99.8,0.2,72,28,69.5,30.5,8.8,91.2,22.9,77.1,18.3,81.7,9,91.1,18.3,81.7,55.3,44.7,0.5,99.6,69.9,30.2,67.5,32.5,97.7,2.3,86.5,13.5,99.7,0.3,55.2,44.8,5.8,94.2,55.1,44.9,1,99,91.5,8.5,66.1,33.9,97.5,2.5,21.6,78.4,8.8,91.2,8.8,91.2,45.5,54.5,21.6,78.4,99.9,0.1,75.2,24.8,98.6,1.4,4.2,95.8,65.6,34.4,0.2,99.8
Jun 20,72.2,27.8,334.6,203.4,2,98,29.1,70.9,56.5,43.6,7.1,92.9,99.9,0.1,80.2,19.8,95.1,4.9,95.9,4.1,100,0,63.3,36.7,49.4,50.6,100,0,3.8,96.2,96.4,3.6,15.3,84.7,49.6,50.4,13.7,86.3,3.6,96.4,12.3,87.7,76.9,23.1,93.1,6.9,60.1,39.9,99.7,0.3,99.8,0.2,72.2,27.8,73.5,26.5,8.4,91.6,22.3,77.7,17.4,82.6,9.2,90.9,18.2,81.8,55.6,44.4,0.4,99.6,69.4,30.6,67.4,32.6,97.8,2.2,85.8,14.2,99.7,0.3,55.3,44.7,5.8,94.2,55.3,44.7,0.9,99.1,92,8,65.8,34.2,97.8,2.3,21.7,78.3,8.5,91.5,8.2,91.8,44.8,55.2,22.1,78,99.8,0.2,75.2,24.8,98.7,1.3,4.2,95.8,65.3,34.7,0.1,99.9
Jun 21,72.9,27.1,335.3,202.7,1.9,98.1,29.2,70.8,56.7,43.3,7.2,92.8,99.9,0.1,80.5,19.5,95.1,4.9,96.3,3.7,100,0,64.2,35.8,49.9,50.1,100,0,3.8,96.3,96.5,3.5,14.5,85.5,49.5,50.5,13.8,86.2,3.6,96.4,12.5,87.5,77.1,22.9,93.5,6.5,60,40,99.6,0.4,99.9,0.1,71.6,28.4,73.6,26.4,8.6,91.4,22.1,77.9,17.7,82.3,9,91,18.1,81.9,55,45,0.4,99.6,70.1,29.9,67.3,32.7,97.7,2.3,86.5,13.5,99.7,0.3,55.9,44.1,5.7,94.3,55.7,44.3,0.9,99.1,91.6,8.4,66.7,33.3,97.8,2.2,21.8,78.2,8.7,91.3,8,92,45,55,21.5,78.5,99.8,0.2,75.5,24.5,98.8,1.2,3.8,96.2,66,34,0.1,99.9
Jun 22,72.7,27.3,335.8,202.2,2.3,97.7,29.4,70.6,57.2,42.8,7.5,92.5,99.9,0.1,80.7,19.3,95.3,4.7,96.5,3.5,100,0,64.7,35.3,50.6,49.4,100,0,3.9,96.1,96.8,3.2,14.7,85.4,49.4,50.6,13.5,86.5,3.6,96.4,12.6,87.4,77.4,22.6,93.5,6.5,60.1,39.9,99.7,0.3,99.9,0.1,71.6,28.4,73.8,26.2,8.3,91.7,22.2,77.8,18,82,8.8,91.2,18.4,81.6,55.9,44.1,0.4,99.6,69.7,30.3,67.1,32.9,97.8,2.2,86.7,13.3,99.8,0.2,55.7,44.3,5.9,94.1,55.1,44.9,0.9,99.1,91.9,8.1,65.6,34.4,97.8,2.2,21.6,78.5,8.8,91.2,8.2,91.9,45.7,54.3,21.8,78.3,99.9,0.2,75.4,24.6,98.8,1.2,3.8,96.2,66.3,33.7,0.1,99.9
Jun 23,73.4,26.6,337.1,200.9,2.8,97.2,30,70,57.9,42.1,7.6,92.4,99.9,0.1,81.5,18.5,95.6,4.4,96.8,3.2,100,0,64.7,35.3,49.9,50.1,100,0,3.8,96.2,97.1,2.9,14.8,85.2,50.3,49.7,14.5,85.5,3.5,96.5,12.7,87.3,77.5,22.5,93.6,6.4,61.1,38.9,99.8,0.2,99.9,0.1,72.2,27.8,74.5,25.5,8.9,91.1,22.9,77.1,17.7,82.4,8.9,91.1,19.4,80.6,56,44,0.4,99.6,71.1,28.9,67.5,32.5,97.9,2.1,87.4,12.6,99.8,0.2,55.2,44.8,5.8,94.2,56.3,43.7,0.8,99.2,92.3,7.8,66.9,33.1,98.1,1.9,21.8,78.2,8.8,91.2,8.1,91.9,45.9,54.1,21.6,78.4,99.9,0.1,75.7,24.3,98.9,1.1,4.2,95.8,66.2,33.8,0.2,99.8
Jun 24,73.9,26.1,337.8,200.2,2.5,97.5,30.7,69.3,58.4,41.6,7.6,92.4,100,0.1,81.6,18.4,96,4,96.7,3.3,100,0,65.3,34.7,51.1,48.9,100,0,4.2,95.8,97.1,2.9,14.6,85.4,50.3,49.7,14.2,85.8,3.6,96.4,13,87,78,22,94,6,61.4,38.6,99.8,0.2,99.9,0.1,72.1,27.9,74.4,25.6,8.3,91.7,22.8,77.2,17.9,82.1,9.4,90.6,19.1,80.9,56.7,43.3,0.4,99.6,70.6,29.4,68,32,98.4,1.6,87.9,12.2,99.9,0.1,56.1,43.9,6.1,93.9,54.9,45.1,0.9,99.1,92.9,7.1,67.1,32.9,98.1,1.9,21.9,78.1,8.8,91.2,7.9,92.1,45.9,54.2,22.4,77.6,99.9,0.1,76.4,23.6,98.9,1.1,4.1,95.9,67,33,0.1,99.9
Jun 25,74.4,25.6,339.4,198.6,2.6,97.4,30.1,69.9,58,42,7.2,92.8,99.9,0.1,81.8,18.2,95.9,4.2,96.6,3.4,100,0,65.1,34.9,51.3,48.7,100,0,4.1,95.9,97.2,2.8,15.5,84.5,51.2,48.8,14.1,85.9,3.7,96.3,13.5,86.5,78.8,21.2,93.9,6.1,61.4,38.6,99.8,0.2,99.9,0.1,73.5,26.5,75.1,24.9,8.6,91.5,22.5,77.5,18.6,81.4,8.9,91.1,19.1,80.9,56.4,43.6,0.4,99.6,71.2,28.8,68.9,31.1,98.1,1.9,87.3,12.7,99.8,0.2,57.4,42.6,6.2,93.8,55.9,44.1,0.9,99.1,92.7,7.3,69.2,30.8,98.1,1.9,22.5,77.5,8.7,91.3,8.7,91.3,45.8,54.2,22.5,77.6,99.9,0.1,76.6,23.4,99,1,4.1,95.9,69.6,30.4,0.1,99.9
Jun 26,75,25,340,198,2.5,97.5,29.5,70.5,58,42,6.9,93.1,100,0.1,82.3,17.7,96.1,3.9,96.7,3.3,100,0,65.4,34.6,51.5,48.5,100,0,3.8,96.2,97.1,2.9,15.2,84.9,51,49,13.9,86.1,3.6,96.4,12.5,87.5,79.2,20.8,94,6,61.2,38.8,99.8,0.2,99.9,0.1,73.6,26.4,74.6,25.4,8.3,91.7,22.9,77.1,18,82,9,91,18.4,81.6,57,43.1,0.3,99.7,71.5,28.5,69.2,30.8,98.3,1.7,87.2,12.8,99.8,0.2,58.1,41.9,5.8,94.2,56.4,43.6,0.9,99.1,92.8,7.2,70.3,29.7,98,2,22.4,77.6,8.9,91.1,8.2,91.8,46.4,53.7,22.6,77.4,99.8,0.2,76.9,23.1,98.9,1.1,3.6,96.4,69.8,30.2,0.1,99.9
Jun 27,74.1,25.9,338.2,199.8,2.6,97.4,29.4,70.6,58.5,41.5,6.8,93.2,100,0,81.8,18.2,95.8,4.2,96.7,3.3,100,0,64.9,35.1,50.7,49.3,100,0,3.6,96.4,97.2,2.8,14.8,85.2,50.4,49.6,13.9,86.1,3.5,96.5,12.1,87.9,78.6,21.4,93.9,6.1,60.7,39.3,99.8,0.2,99.9,0.1,73.1,26.9,74.4,25.6,8.1,91.9,22.4,77.6,17.7,82.3,9,91,18.2,81.8,56.3,43.7,0.3,99.7,70.6,29.4,68.1,31.9,98.2,1.8,87.3,12.7,99.8,0.2,57.3,42.7,5.6,94.4,55.9,44.1,0.8,99.2,92.9,7.2,69.1,30.9,98.2,1.8,22.1,77.9,8,92,8.1,91.9,45.3,54.7,22.3,77.7,99.9,0.1,76.8,23.2,99,1,3.9,96.1,68.1,31.9,0.1,99.9
Jun 28,75,25,339,199,2.5,97.5,29.1,70.9,58.3,41.7,6.8,93.2,100,0,81.9,18.1,96,4,96.8,3.2,100,0,65.2,34.8,51,49,100,0,3.7,96.3,97.2,2.8,15,85,50.8,49.2,13.9,86.1,3.2,96.8,12,88.1,79.1,20.9,94.2,5.8,60.9,39.1,99.8,0.2,99.9,0.1,74,26,74.8,25.3,8.5,91.6,22.3,77.7,17.9,82.1,8.4,91.6,18.3,81.7,56.7,43.3,0.3,99.7,71,29,68.6,31.4,98.5,1.5,87.5,12.5,99.9,0.1,57.3,42.7,5.5,94.5,55.7,44.3,0.9,99.1,93.1,6.9,69.7,30.3,98.3,1.7,21.5,78.5,8.3,91.7,8,92,45.9,54.1,22.3,77.7,99.9,0.1,77.1,22.9,99.1,0.9,3.8,96.2,68.1,31.9,0.1,99.9
Jun 29,75.1,24.9,339.8,198.2,2.3,97.7,30.2,69.8,58.4,41.6,6.9,93.1,99.9,0.1,82.4,17.7,95.8,4.2,96.8,3.2,100,0,65.9,34.1,51.6,48.4,100,0,3.4,96.6,97.2,2.8,14.8,85.2,51,49,13.6,86.4,3.5,96.5,12.3,87.7,79.4,20.6,94.2,5.8,61.2,38.8,99.8,0.2,100,0.1,73.8,26.2,75.1,24.9,7.7,92.3,22.5,77.5,18.3,81.7,8.8,91.2,17.8,82.2,56.3,43.7,0.3,99.7,71.2,28.9,69.2,30.9,98.4,1.6,87.6,12.4,99.8,0.2,57.8,42.2,5.4,94.6,56.1,43.9,0.7,99.3,92.9,7.1,69.9,30.1,98.2,1.8,22,78,8.2,91.8,8.2,91.8,46.2,53.8,22.2,77.8,99.9,0.1,77.2,22.8,99.1,0.9,3.5,96.6,68.3,31.7,0.1,99.9
Jun 30,74.5,25.5,339.6,198.4,2.4,97.6,30,70,58.4,41.6,7.1,92.9,99.9,0.1,82.2,17.8,96,4,97.1,2.9,100,0,65.4,34.6,52,48,100,0,3.8,96.2,97.5,2.5,14.5,85.5,50.6,49.4,14,86,3.2,96.8,12.5,87.5,79.1,20.8,94.4,5.6,61.9,38.1,99.8,0.2,100,0,73.3,26.7,74.7,25.3,8.1,91.9,24.2,75.8,17.5,82.5,9,91,18.6,81.4,56.8,43.2,0.3,99.7,71.2,28.8,68.7,31.3,98.4,1.6,87.8,12.2,99.8,0.2,58,42,5.6,94.4,55,45,0.7,99.3,92.8,7.2,69.7,30.3,98.4,1.6,21.9,78.1,8.4,91.6,7.9,92.1,46.4,53.6,22.1,77.9,99.9,0.1,76.7,23.3,99.2,0.8,3.9,96.1,68.2,31.8,0.1,99.9
Jul 1,75.1,24.9,339.8,198.2,2.2,97.8,30.5,69.5,56.9,43.1,6.9,93.1,100,0,82.5,17.5,96.3,3.7,97.2,2.8,100,0,65.4,34.6,52,48,100,0,3.7,96.3,97.5,2.5,14.4,85.6,50.8,49.2,13.6,86.4,3.2,96.8,12.6,87.4,79.8,20.2,94.5,5.6,61.7,38.3,99.9,0.1,100,0,73.1,26.9,75.1,24.9,7.9,92.1,24.8,75.2,17.1,83,8.4,91.6,18.3,81.7,56.5,43.5,0.4,99.6,71.6,28.4,69.5,30.5,98.5,1.5,88,12,99.8,0.2,58.1,41.9,5.6,94.4,56,44,0.7,99.3,93.3,6.7,70.2,29.8,98.3,1.7,21.6,78.4,8.2,91.8,7.7,92.3,46.2,53.8,21.8,78.2,99.9,0.1,77,23,99.2,0.8,3.7,96.4,68.6,31.4,0.1,99.9
Jul 2,74.8,25.2,339.8,198.2,2.2,97.8,30.6,69.4,56.9,43.1,6.8,93.3,100,0,82.2,17.8,96.6,3.4,97.3,2.7,100,0,65.4,34.6,51.8,48.2,100,0,3.5,96.5,97.7,2.3,14.5,85.5,51,49,13.7,86.3,3.2,96.8,12.9,87.1,80,20,94.8,5.2,62.4,37.6,99.9,0.1,100,0.1,73.6,26.4,75,25,7.7,92.4,24.3,75.7,16.4,83.7,8.8,91.2,18.1,81.9,57.4,42.6,0.3,99.7,71.5,28.6,69.3,30.7,98.4,1.6,88.4,11.6,99.9,0.1,58.3,41.7,5.5,94.5,56.2,43.8,0.7,99.3,93.4,6.7,70.6,29.5,98.5,1.5,21.4,78.6,8.3,91.7,7.8,92.2,45.4,54.6,22.7,77.3,99.9,0.1,77.6,22.4,99.3,0.7,3.5,96.5,68.4,31.6,0.1,99.9
Jul 3,75.4,24.6,340.2,197.8,2.4,97.6,30.4,69.6,56.6,43.4,6.8,93.2,100,0,82.8,17.2,96.6,3.4,97.4,2.6,100,0,64.6,35.4,52.2,47.8,100,0,3.5,96.5,97.8,2.2,14.6,85.4,51.2,48.8,13.3,86.7,3.2,96.8,12.4,87.6,80.1,19.9,95.2,4.8,62,38,99.9,0.1,99.9,0.1,73.8,26.2,75.9,24.1,7.8,92.2,24.6,75.4,17,83,8.8,91.2,18.4,81.6,57.4,42.6,0.3,99.7,72,28,69.3,30.7,98.6,1.4,88.8,11.2,99.9,0.1,58.6,41.4,5.4,94.6,56.3,43.7,0.8,99.2,93.6,6.4,71,29,98.7,1.3,22,78,8.4,91.6,7.9,92.1,45,55,22.6,77.4,100,0.1,77.9,22.1,99.3,0.7,3.8,96.2,69.4,30.6,0.1,99.9
Jul 4,75.2,24.8,340.1,197.9,2.3,97.7,30.7,69.3,57,43,6.9,93.1,100,0,82.5,17.5,96.7,3.3,97.5,2.5,100,0,64.8,35.3,52.4,47.6,100,0,3.5,96.5,97.5,2.5,14.1,85.9,51.2,48.8,13.7,86.3,3.2,96.8,12.3,87.7,80,20,95,5,62.1,37.9,99.9,0.1,100,0,73.7,26.3,75.7,24.3,7.4,92.6,24.5,75.5,16.5,83.5,8.6,91.4,18.1,81.9,57.4,42.6,0.3,99.7,71.8,28.2,69.6,30.4,98.6,1.4,88.6,11.4,99.9,0.1,58.1,41.9,5.6,94.4,56.2,43.8,0.7,99.3,94,6,71.2,28.8,98.7,1.3,21.5,78.5,8.4,91.6,7.9,92.1,45.2,54.8,22.2,77.8,99.9,0.1,78,22,99.4,0.6,3.7,96.3,68.8,31.2,0.1,99.9
Jul 5,74.1,25.9,338.2,199.8,2,98,29.6,70.4,56.3,43.7,6.5,93.5,100,0,82.6,17.4,96.8,3.2,97.3,2.7,100,0,64.4,35.6,51.6,48.4,100,0,3.6,96.4,97.9,2.1,14.4,85.6,50.3,49.7,12.8,87.2,3,97,11.8,88.2,77.2,22.8,94.8,5.2,61.5,38.5,99.9,0.1,100,0,72.8,27.2,74.7,25.3,7.4,92.6,23.9,76.1,16.1,83.9,8.2,91.8,18.1,81.9,57,43,0.2,99.8,71.4,28.6,69,31,98.6,1.4,88.2,11.8,99.8,0.2,58,42,5.3,94.7,55.9,44.2,0.6,99.4,93.7,6.3,70.3,29.7,98.7,1.3,20.9,79.1,7.9,92.1,7.4,92.6,44,56,21.6,78.4,99.9,0.1,77.5,22.5,99.3,0.7,3.3,96.7,69.1,30.9,0.1,99.9
Jul 6,75.6,24.4,340.2,197.8,2.2,97.8,30.3,69.7,57.1,42.9,6.7,93.3,100,0,83.3,16.8,96.9,3.2,97.7,2.3,100,0,65.3,34.7,52.6,47.4,100,0,3.4,96.6,97.9,2.1,14.2,85.8,50.9,49.1,12.8,87.2,3,97,12.2,87.8,78.5,21.5,95,5,62.3,37.7,99.9,0.1,100,0,74.3,25.7,75.9,24.1,7.6,92.4,24.5,75.5,16.4,83.6,8.2,91.8,18.1,81.9,57.4,42.6,0.2,99.8,72.5,27.5,69.7,30.3,98.7,1.3,89.1,10.9,99.9,0.1,58.5,41.5,5.4,94.6,56.5,43.5,0.6,99.4,94,6,70.4,29.6,98.8,1.2,21.2,78.8,7.9,92.1,7.5,92.6,44.8,55.2,22.3,77.7,100,0,78,22,99.3,0.7,3.3,96.7,68.8,31.2,0.1,99.9
Jul 7,75.4,24.6,340.8,197.2,2.1,97.9,30.3,69.7,57.6,42.4,6.8,93.2,100,0,83.2,16.8,97,3,97.6,2.5,100,0,65.1,34.9,52.3,47.7,100,0,3.3,96.7,97.9,2.1,14.4,85.6,51.3,48.7,13.5,86.5,2.8,97.2,11.9,88.1,78.1,21.9,95.1,4.9,62.3,37.7,99.9,0.1,100,0,74.4,25.6,75.9,24.1,7.7,92.3,24.4,75.6,16.3,83.7,8.8,91.2,18.2,81.8,57.6,42.4,0.3,99.7,72.3,27.7,70,30,98.8,1.2,89.1,10.9,99.9,0.1,59.1,40.9,5.3,94.7,57,43,0.5,99.5,94.1,5.9,70.5,29.5,98.8,1.3,21.8,78.2,8.3,91.7,7.2,92.8,45.6,54.4,22.1,77.9,99.9,0.1,78.4,21.6,99.4,0.6,3.5,96.5,69.2,30.8,0.1,99.9
Jul 8,74.9,25.1,339.4,198.6,2.2,97.8,29.5,70.5,56.6,43.4,6.5,93.5,100,0,83.7,16.3,97,3,97.6,2.4,100,0,65.1,34.9,52.3,47.7,100,0,3,97,98,2,13.9,86.1,51.1,48.9,12.9,87.2,3,97,11.8,88.3,78.4,21.6,95.3,4.7,61.8,38.2,99.9,0.1,100,0,73.8,26.2,76,24,7.1,92.9,24,76,16,84,8.2,91.8,18,82,57,43,0.2,99.8,72,28,69.5,30.5,98.8,1.2,89,11,99.9,0.1,58,42,5,95,56.3,43.7,0.6,99.4,94,6,70.4,29.7,98.7,1.3,20.9,79.1,7.6,92.5,7.2,92.8,44.5,55.5,21.8,78.2,100,0,77.7,22.3,99.3,0.7,3.2,96.8,69.4,30.6,0.1,99.9
Jul 9,75.3,24.7,338.9,199.1,1.8,98.2,29,71,56.4,43.6,6.5,93.5,100,0,83.7,16.3,96.9,3.1,97.6,2.4,100,0,64.5,35.5,52.1,47.9,100,0,3.1,96.9,98,2,13.6,86.4,50.2,49.8,12.8,87.2,2.8,97.2,11.6,88.4,78.4,21.6,95.2,4.8,62.1,37.9,99.9,0.1,100,0,74,26,75.8,24.2,7.2,92.8,23.3,76.7,16.2,83.8,7.9,92.1,17.3,82.7,57.2,42.8,0.2,99.8,72.1,27.9,69.3,30.7,99,1.1,88.9,11.1,99.9,0.1,59.2,40.8,4.8,95.2,55.9,44.1,0.6,99.4,94.1,5.9,70.1,29.9,98.8,1.2,20.9,79.1,7.5,92.5,6.9,93.1,44.3,55.7,21.7,78.3,100,0,77.8,22.2,99.3,0.7,3.1,96.9,69.2,30.8,0.1,100
Jul 10,75.6,24.4,341.1,196.9,2,98,30.3,69.7,56.9,43.1,6.4,93.6,100,0,84.1,15.9,97.2,2.8,97.9,2.1,100,0,65.1,34.9,53,47,100,0,3.2,96.8,98.1,1.9,14.3,85.7,50.1,49.9,13.4,86.6,2.9,97.1,11.8,88.2,78.7,21.3,95.5,4.5,62.5,37.5,99.9,0.1,100,0,74.4,25.6,76.4,23.6,7.3,92.7,24.3,75.6,16.3,83.7,8.3,91.7,18.3,81.7,58,42,0.2,99.8,72,28,70.2,29.8,98.8,1.2,89.2,10.8,99.9,0.1,59.4,40.6,5.2,94.8,56.6,43.4,0.5,99.5,94.4,5.6,70.8,29.2,99,1,21.1,78.9,7.7,92.3,7.2,92.8,45.8,54.2,22.2,77.8,100,0,78.5,21.5,99.4,0.6,3.2,96.8,70,30,0.1,100
Jul 11,76.2,23.8,341.5,196.5,1.8,98.2,30.3,69.7,57.6,42.4,6.3,93.8,100,0,83.9,16.1,97.4,2.6,98,2,100,0,65,35.1,52.4,47.6,100,0,3,97,98.3,1.7,13.7,86.3,50.6,49.4,12.7,87.3,2.6,97.4,11.6,88.4,79,21,95.3,4.7,62.6,37.4,99.9,0.1,100,0,74.8,25.2,75.9,24.1,7.2,92.8,24,76,16,84,7.7,92.3,18.1,81.9,58.2,41.8,0.2,99.8,72.5,27.5,70.1,29.9,99,1,89.5,10.5,99.9,0.1,59.3,40.7,4.7,95.3,56.7,43.3,0.5,99.5,94.6,5.4,70.9,29.1,99.1,0.9,20.9,79.1,7.7,92.3,7.1,92.9,47.4,52.6,22.3,77.7,100,0,78.6,21.4,99.4,0.6,3,97,70,30,0,100
Jul 12,75.8,24.2,340.7,197.3,1.8,98.2,29.5,70.5,56.1,43.9,6.1,93.9,100,0,84.1,15.9,97.2,2.8,97.9,2.1,100,0,65.5,34.5,51.1,48.9,100,0,2.9,97.1,98.1,1.9,13.7,86.3,50.6,49.4,12.6,87.4,2.7,97.3,11.5,88.5,79.2,20.8,95.5,4.5,61.9,38.1,99.9,0.1,100,0,74.5,25.5,76.4,23.6,6.8,93.2,24.2,75.8,15.3,84.7,7.9,92.1,17.4,82.6,57.6,42.4,0.2,99.8,72.6,27.4,70.5,29.5,99,1,89.5,10.5,99.9,0.1,59,41,4.6,95.4,56.3,43.7,0.5,99.5,94.1,5.9,70.7,29.3,99,1,20.4,79.6,7.7,92.3,7.1,92.9,47,53,22,78,100,0,78.5,21.5,99.5,0.5,3,97,69.3,30.7,0,100
Jul 13,75.4,24.6,339.2,198.8,1.7,98.3,28.5,71.5,55.6,44.4,5.8,94.2,100,0,83.7,16.3,96.9,3.1,97.8,2.2,100,0,64.9,35.1,51.3,48.7,100,0,2.6,97.4,97.9,2.1,13.3,86.7,50.2,49.8,12.2,87.8,2.5,97.5,10.8,89.2,78.8,21.2,95.1,4.9,61.2,38.8,99.9,0.1,100,0,73.8,26.2,75.8,24.2,6.7,93.3,22.5,77.5,15.9,84.1,7.5,92.5,17,83,57.1,42.9,0.1,99.9,71.9,28.1,69.6,30.4,99.1,0.9,88.7,11.3,99.9,0.1,58.9,41.1,4.4,95.7,56.3,43.7,0.4,99.6,93.9,6.1,70,30,98.7,1.3,20.6,79.4,6.6,93.4,7.2,92.8,46.5,53.5,21.8,78.2,100,0,78,22,99.6,0.4,2.8,97.2,69.3,30.7,0,100
Jul 14,75.8,24.2,340.3,197.7,1.9,98.2,28.7,71.3,56.2,43.8,5.5,94.5,100,0,84.5,15.5,97.1,2.9,97.7,2.3,100,0,66.1,33.9,51.9,48.1,100,0,2.5,97.5,97.9,2.1,13.8,86.2,50.3,49.7,12.1,87.9,2.4,97.6,11.1,88.9,78.7,21.3,95.3,4.7,61.7,38.3,99.9,0.1,100,0,74.2,25.9,76.5,23.5,6.6,93.4,22.3,77.7,17.3,82.7,7.3,92.7,17.1,82.9,56.9,43.1,0.2,99.8,72.6,27.4,70.2,29.8,99.1,0.9,89,11,99.9,0.1,59.2,40.8,4.2,95.8,56.3,43.7,0.5,99.5,94.4,5.6,70.2,29.8,98.8,1.2,20.5,79.5,6.9,93.1,6.6,93.4,46.6,53.4,21.2,78.8,100,0,78.6,21.4,99.5,0.5,2.4,97.6,69.6,30.4,0,100
Jul 15,75.8,24.2,340.5,197.5,1.8,98.2,29.1,70.9,55.9,44.1,5.6,94.5,100,0,84.3,15.7,97.3,2.7,98,2,100,0,66.9,33.1,51.1,48.9,100,0,2.7,97.3,98.1,1.9,13.2,86.8,49.9,50.1,12,88,2.3,97.7,10.8,89.2,79.3,20.8,95.7,4.3,62.3,37.7,99.9,0.1,100,0,73.7,26.3,76.6,23.4,6.5,93.5,22,78,17.5,82.5,7.6,92.4,16.9,83.1,57,43,0.1,99.9,73,27,70.3,29.7,99.1,0.9,89.4,10.6,99.9,0.1,58.2,41.8,4.3,95.7,56.5,43.6,0.4,99.6,94.3,5.7,71.4,28.6,99.1,1,20.5,79.5,6.7,93.3,6.9,93.1,46.8,53.2,21.4,78.6,100,0,79,21,99.5,0.5,2.6,97.4,69,31,0,100
Jul 16,76.4,23.7,341.2,196.8,1.6,98.4,28.7,71.3,56.8,43.2,5.7,94.3,100,0,84.5,15.5,97.2,2.9,98,2,100,0,66.8,33.2,51.8,48.2,100,0,2.7,97.3,98.3,1.7,13.1,86.9,50.7,49.3,12.4,87.6,3,97,10.7,89.3,78.9,21.1,95.5,4.5,62.3,37.7,99.9,0.1,100,0,74.4,25.6,76.4,23.6,6.6,93.4,21.8,78.2,17.4,82.6,7.1,92.9,17.3,82.7,56.7,43.3,0.1,99.9,72.9,27.1,70.3,29.7,99.1,0.9,89.5,10.5,99.9,0.1,58.8,41.2,4.2,95.8,56.4,43.6,0.4,99.6,94.5,5.5,71.6,28.4,99.1,0.9,20.6,79.4,7,93.1,6.9,93.1,46.8,53.2,22.3,77.7,100,0,79.2,20.8,99.6,0.4,2.8,97.2,69.6,30.4,0,100
Jul 17,75.7,24.3,340,198,1.7,98.3,28,72,56.8,43.2,5.2,94.8,100,0,84.6,15.4,97.3,2.8,98,2,100,0,66.4,33.6,50.9,49.1,100,0,2.6,97.4,98.2,1.8,12.7,87.3,49.8,50.2,12,88,3.1,96.9,10.3,89.7,78.9,21.1,95.4,4.6,61.8,38.2,99.9,0.1,100,0,73.7,26.3,76,24,6.6,93.4,22.2,77.8,17.1,82.9,7.1,92.9,16.8,83.2,56.4,43.6,0.1,99.9,72.6,27.4,69.6,30.4,99.2,0.8,89.1,10.9,100,0,58.1,41.9,4.2,95.8,56.3,43.7,0.4,99.6,94.5,5.5,71.3,28.7,98.9,1.1,19.8,80.2,6.7,93.3,6.5,93.5,46.7,53.3,21.4,78.6,100,0,79.1,20.9,99.7,0.3,2.6,97.4,68.7,31.3,0,100
Jul 18,76.5,23.5,341.4,196.6,1.5,98.5,28.7,71.3,57.3,42.7,5.5,94.5,100,0,84.9,15.1,97.3,2.7,98,2,100,0,66.9,33.1,51.6,48.4,100,0,2.5,97.5,98.2,1.8,13,87,50.6,49.4,12.1,87.9,2.9,97.1,10.6,89.4,78.9,21.1,95.7,4.3,61.4,38.6,100,0,100,0,74.5,25.5,76.9,23.1,6.2,93.8,22,78,17.8,82.2,7.2,92.8,16.8,83.2,56.8,43.2,0.1,99.9,73,27,70.3,29.7,99.2,0.8,89.7,10.3,100,0,58.8,41.3,4.2,95.8,55.7,44.3,0.3,99.7,94.6,5.4,72.1,27.9,99.1,0.9,21.9,78.1,6.7,93.3,6.5,93.5,47,53,21.8,78.2,100,0,79.4,20.6,99.7,0.3,2.6,97.4,69.1,30.9,0,100
Jul 19,76.1,23.9,340.4,197.6,1.6,98.4,27.7,72.3,56.7,43.3,5.1,94.9,100,0,84.9,15.2,97.3,2.7,97.9,2.1,100,0,66.7,33.3,50.8,49.2,100,0,2.3,97.7,98.3,1.7,12.9,87.1,50.3,49.7,12.2,87.8,3,97,10.3,89.7,78.7,21.3,95.5,4.5,61.7,38.3,99.9,0.1,100,0,73.9,26.1,76.5,23.5,6.3,93.7,21.8,78.3,16.7,83.3,6.8,93.2,16.4,83.6,56.5,43.5,0.1,99.9,72.6,27.4,70,30,99.1,0.9,89.5,10.5,99.9,0.1,58.2,41.8,3.9,96.1,56.2,43.8,0.4,99.6,94.5,5.5,71.7,28.3,99.1,0.9,21.6,78.4,6.5,93.5,6.5,93.5,46.7,53.4,21.1,78.9,100,0,78.8,21.2,99.7,0.3,2.5,97.5,69.5,30.5,0,100
Jul 20,75.9,24.1,340.3,197.7,1.6,98.4,28.3,71.7,57.1,43,5.1,94.9,100,0,84.5,15.5,97.2,2.8,98,2,100,0,66.9,33.1,48.4,51.6,100,0,2.6,97.5,98.5,1.5,12.9,87.1,50.2,49.8,11.9,88.1,2.8,97.2,10.4,89.6,79.3,20.7,95.6,4.4,62,38,99.9,0.1,100,0,74.3,25.7,76.8,23.2,6.2,93.8,21.9,78.1,17.3,82.7,6.8,93.2,16.7,83.3,55.9,44.1,0.1,99.9,72.9,27.1,70.2,29.8,99.3,0.7,89.5,10.5,99.9,0.1,57.8,42.2,3.7,96.3,56.4,43.6,0.4,99.6,94.3,5.7,71.6,28.4,99.2,0.8,21.6,78.4,6.5,93.5,6.2,93.8,46.7,53.3,21.5,78.5,100,0,78.8,21.2,99.6,0.4,2.3,97.7,69.6,30.4,0,100
Jul 21,76.1,23.9,340.2,197.8,1.4,98.6,27.4,72.6,56.4,43.6,4.9,95.1,100,0,85.1,14.9,97.3,2.7,98,2,100,0,67.2,32.8,48.4,51.6,100,0,2.1,97.9,98.6,1.4,12.5,87.5,49.8,50.2,11.7,88.3,2.7,97.3,10.4,89.6,79.6,20.4,95.7,4.3,61.4,38.6,100,0,100,0,74.2,25.8,76.7,23.3,6.3,93.8,21.5,78.5,16.4,83.6,6.5,93.5,16.5,83.5,56.6,43.4,0.1,99.9,73,27,70.4,29.6,99.1,0.9,89.6,10.4,100,0,57.8,42.2,3.9,96.1,56.9,43.1,0.3,99.7,94.5,5.5,70.7,29.3,99.2,0.8,21.4,78.6,6.4,93.6,6.2,93.9,47.1,52.9,21,79,100,0,79.5,20.5,99.7,0.3,2.4,97.6,69.6,30.4,0,100
Jul 22,74.7,25.3,336.5,201.5,1.3,98.8,25.9,74.1,57.1,42.9,4.2,95.8,100,0,82,18,97,3,97.9,2.1,100,0,66.2,33.8,47.1,52.9,100,0,1.6,98.4,98,2,10.2,89.8,49.7,50.3,10.5,89.5,1.7,98.3,8.9,91.1,78.1,21.9,95.1,4.9,59.6,40.4,99.9,0.1,100,0,71.4,28.6,75.3,24.7,5.4,94.6,19.6,80.4,16.8,83.2,5.9,94.1,15.1,84.9,54.9,45.1,0,100,70.4,29.6,69.4,30.6,99.2,0.8,88.5,11.5,99.9,0.1,56.8,43.2,3,97,55.6,44.4,0.3,99.7,93.9,6.1,70.4,29.6,98.8,1.2,20.5,79.5,5.4,94.7,5.4,94.6,47,53,20.3,79.8,100,0,78.6,21.4,99.6,0.4,1.7,98.3,68.6,31.4,0,100
Jul 23,75.9,24.1,339,199,1.1,98.9,26,74,57.8,42.2,4.3,95.7,100,0,83.1,16.9,97.2,2.8,97.9,2.2,100,0,68.9,31.1,46.8,53.2,100,0,1.9,98.1,98.3,1.7,10,90,49.8,50.2,10.3,89.8,1.8,98.2,8.9,91.1,79.4,20.6,95.2,4.9,60.1,39.9,100,0,100,0,72.8,27.2,77.7,22.3,5.6,94.4,19,81,17.1,82.9,5.7,94.3,15.2,84.8,55.1,44.9,0,100,70.8,29.2,69.9,30.1,99.3,0.7,88.7,11.3,100,0,57.7,42.3,3.2,96.8,56.6,43.4,0.3,99.7,94.2,5.8,72,28,99,1,20.9,79.1,5.6,94.4,5.9,94.1,47.2,52.8,20.8,79.2,100,0,78.9,21.2,99.7,0.4,2,98,69.5,30.5,0,100
Jul 24,76.6,23.4,340.2,197.8,1.1,99,26.7,73.3,58,42,4.5,95.5,100,0,83.2,16.8,97.6,2.4,98.1,1.9,100,0,68.8,31.2,47.2,52.8,100,0,1.7,98.3,98.3,1.7,10.2,89.8,51.3,48.7,10.4,89.6,1.8,98.2,9.2,90.8,79.3,20.7,95.4,4.6,60.9,39.1,99.9,0.1,100,0,72.6,27.4,78.8,21.2,6,94,20.2,79.8,17.7,82.3,5.8,94.2,15.8,84.2,55.2,44.8,0,100,71.3,28.7,70.3,29.7,99.2,0.8,89.1,10.9,99.9,0.1,57.6,42.4,3.2,96.8,56.7,43.3,0.2,99.8,94.5,5.5,72.8,27.2,99,1,21,79,5.5,94.5,5.7,94.3,48.2,51.8,21.5,78.5,100,0,79,21,99.7,0.3,2,98,69.9,30.1,0,100
Jul 25,76.1,23.9,339,199,1.1,98.9,26.3,73.7,57.7,42.3,4.2,95.8,100,0,82.9,17.1,97.2,2.8,98,2,100,0,69,31,47.5,52.5,100,0,1.9,98.1,98.3,1.7,10,90,50.5,49.5,10.1,89.9,1.6,98.4,9.1,90.9,79.2,20.8,95.1,4.9,60.5,39.5,100,0.1,100,0,72.5,27.5,78.5,21.5,5.5,94.5,19.5,80.5,16.6,83.4,5.5,94.5,15.3,84.7,55.6,44.4,0,100,70.4,29.6,70,30,99.2,0.8,89,11,99.9,0.1,57.4,42.6,2.9,97.1,56.7,43.3,0.3,99.8,94.1,5.9,70.5,29.5,99,1,20.6,79.4,5.3,94.7,5.7,94.3,47.7,52.3,20.8,79.2,100,0,78.8,21.2,99.7,0.3,1.9,98.1,69.9,30.2,0,100
Jul 26,76.1,23.9,338.8,199.2,1.1,98.9,26.5,73.5,58,42,4.1,95.9,100,0,83.3,16.7,97.3,2.7,98.2,1.8,100,0,68.4,31.6,47,53,100,0,1.6,98.4,98.3,1.7,9.7,90.3,50.6,49.4,10.4,89.6,1.5,98.5,8.8,91.2,79.6,20.4,95.7,4.3,60.4,39.6,100,0.1,100,0,73.1,26.9,78.6,21.4,5.6,94.4,19.1,80.9,16.3,83.7,5.5,94.5,15.3,84.7,56.3,43.7,0,100,70.9,29.1,70.2,29.8,99.3,0.7,89.2,10.8,100,0,57.9,42.1,2.9,97.1,55.2,44.8,0.3,99.8,94.4,5.6,70.6,29.5,99,1,20.6,79.4,5.3,94.7,5.7,94.3,47.9,52.2,20.2,79.8,100,0,79.2,20.8,99.7,0.3,1.8,98.2,69.8,30.2,0,100
Jul 27,75.9,24.1,338.6,199.4,1,99,26.4,73.6,58.1,41.9,4,96,100,0,83.3,16.7,97.5,2.6,98,2,100,0,68.5,31.5,47.3,52.7,100,0,1.7,98.3,98.4,1.6,10.2,89.8,51.2,48.8,9.7,90.3,1.6,98.4,9,91,79.2,20.8,95.9,4.1,60.4,39.6,100,0.1,100,0,72.5,27.5,76,24,5.3,94.7,19.4,80.6,16.7,83.3,5.6,94.4,15.5,84.5,56,44,0,100,71.3,28.7,70.2,29.8,99.3,0.7,89.8,10.2,100,0,59,41,2.9,97.1,54.9,45.1,0.2,99.8,94.9,5.1,70.9,29.2,99.1,0.9,18.3,81.7,5.4,94.6,5.8,94.2,47.5,52.5,20.6,79.4,100,0,78.9,21.1,99.8,0.2,1.6,98.4,69.6,30.4,0,100
Jul 28,75.8,24.2,338.2,199.8,0.9,99.1,26.4,73.7,59.7,40.3,4.2,95.8,100,0,82.5,17.5,97.5,2.5,98.3,1.7,100,0,67.4,32.7,48.1,51.9,100,0,1.6,98.4,98.6,1.4,9.9,90.1,49.5,50.5,9.9,90.1,1.7,98.3,8.9,91.1,78.8,21.2,95.9,4.1,61.1,38.9,100,0,100,0,73.3,26.8,74.1,25.9,5.3,94.7,19.3,80.7,17.4,82.6,5.5,94.5,15.3,84.7,55.5,44.5,0,100,70.9,29.2,70.8,29.2,99.2,0.8,89.4,10.6,100,0,57.5,42.5,2.9,97.1,51.9,48.1,0.2,99.8,94.5,5.5,71.3,28.7,99.1,0.9,18.4,81.6,5.3,94.7,5.6,94.5,48.5,51.5,20.8,79.2,100,0,79.7,20.3,99.9,0.1,1.6,98.4,70.3,29.7,0,100
Jul 29,75.2,24.8,337.3,200.7,0.9,99.1,26.2,73.8,59,41,4.1,95.9,100,0,82.3,17.7,97.7,2.4,98.3,1.7,100,0,66.3,33.7,47.5,52.5,100,0,1.7,98.3,98.5,1.5,9.7,90.3,49.2,50.8,9.9,90.1,1.5,98.5,8.8,91.2,79,21,95.9,4.1,60.5,39.5,100,0,100,0,72.8,27.2,74,26,4.9,95.1,19.3,80.7,17.2,82.8,5.4,94.6,15.3,84.7,55.2,44.8,0,100,71.1,28.9,70.8,29.2,99.2,0.8,89.7,10.3,100,0,58,42,2.9,97.1,51.6,48.4,0.2,99.8,95.1,4.9,70.7,29.3,99.3,0.7,18.2,81.8,5.3,94.7,5.4,94.6,48.8,51.2,20.1,79.9,100,0,79.4,20.6,99.9,0.1,1.7,98.3,68.9,31.1,0,100
Jul 30,75.8,24.2,338.8,199.2,1,99,26.7,73.3,59.9,40.1,4.2,95.9,100,0,82.6,17.4,97.8,2.2,98.5,1.5,100,0,67.2,32.8,47.7,52.3,100,0,1.7,98.3,98.6,1.4,9.4,90.6,50.4,49.6,9.7,90.3,1.4,98.6,8.9,91.1,79.7,20.3,96.3,3.7,61.7,38.3,100,0,100,0,74.3,25.7,75.1,24.9,5.2,94.8,19.1,80.9,17.1,82.9,5.3,94.7,15.9,84.1,56.3,43.7,0,100,71.4,28.6,73.3,26.8,99.2,0.8,90.2,9.8,100,0,57.3,42.7,3,97,51.9,48.1,0.2,99.8,95.1,4.9,71.6,28.4,99.4,0.6,18.1,81.9,5.4,94.6,5.5,94.5,48.6,51.4,20.7,79.3,100,0,80.7,19.3,99.9,0.1,1.7,98.3,70.4,29.6,0,100
Jul 31,76.3,23.7,338.5,199.5,0.8,99.2,26.6,73.4,59.6,40.4,3.9,96.1,100,0,82.8,17.2,97.9,2.1,98.4,1.6,100,0,66.7,33.3,47.7,52.3,100,0,1.6,98.4,98.8,1.2,9.3,90.7,49.9,50.1,9.5,90.5,1.4,98.6,8.6,91.4,79.7,20.3,96.3,3.7,61.8,38.2,100,0,100,0,74.4,25.6,74.4,25.6,5.2,94.8,18.9,81.1,17.3,82.7,5.5,94.5,15.1,84.9,56.5,43.5,0,100,71.6,28.4,73.4,26.6,99.3,0.7,90.4,9.6,100,0,57.3,42.7,2.9,97.1,51.8,48.2,0.2,99.8,95.1,4.9,71.5,28.5,99.2,0.8,18.1,81.9,4.9,95.1,5.3,94.7,48.8,51.2,20.5,79.5,100,0,80.9,19.1,99.9,0.1,1.7,98.3,70.4,29.6,0,100
Aug 1,75.7,24.3,337.3,200.7,0.9,99.1,26.1,73.9,59,41,3.8,96.2,100,0,82.7,17.3,97.9,2.1,98.5,1.5,100,0,66.5,33.5,47.1,52.9,100,0,1.3,98.7,98.6,1.4,8.9,91.1,49.1,50.9,9,91,1.5,98.5,8.6,91.4,79.4,20.6,96.1,3.9,61,39,100,0,100,0,73.8,26.2,74.4,25.6,4.6,95.4,18.3,81.7,16.5,83.5,5.3,94.7,15,85,56.2,43.8,0,100,70.6,29.4,73.2,26.8,99.2,0.8,90.2,9.8,100,0,57.3,42.7,2.8,97.2,51.6,48.4,0.2,99.8,95.1,4.9,71.1,28.9,99.4,0.6,17.8,82.2,5,95,5.3,94.7,48.3,51.7,20.1,79.9,100,0,80.2,19.8,99.9,0.1,1.5,98.5,69.7,30.3,0,100
Aug 2,76.3,23.7,338.6,199.4,0.8,99.2,26.2,73.9,60,40.1,3.7,96.3,100,0,82.4,17.6,98.1,1.9,98.5,1.5,100,0,67,33,49,51,100,0,1.5,98.5,98.9,1.2,8.8,91.2,49.1,50.9,9.1,90.9,1.3,98.7,8.8,91.2,79.7,20.3,96.2,3.8,61.3,38.7,100,0,100,0,74.1,25.9,74.7,25.3,4.9,95.1,18.5,81.5,16.8,83.2,5.1,94.9,14.7,85.3,56.3,43.7,0,100,71.3,28.7,73.5,26.5,99.3,0.7,90.5,9.5,100,0,58,42,2.7,97.3,52,48,0.2,99.8,95.3,4.7,71.3,28.7,99.4,0.6,17.9,82.1,4.9,95.1,5.1,94.9,49,51,20,80,100,0,80.3,19.7,99.9,0.1,1.7,98.3,70.2,29.8,0,100
Aug 3,76.2,23.8,338.9,199.1,0.9,99.1,25.8,74.2,59.6,40.4,3.9,96.1,100,0,82.6,17.4,97.9,2.1,98.5,1.5,100,0,66.7,33.3,50.7,49.3,100,0,1.3,98.7,98.9,1.1,8.8,91.2,49.2,50.8,9.1,90.9,1.2,98.8,8.2,91.8,79.8,20.2,96.4,3.6,60.7,39.3,100,0,100,0,73.3,26.7,75,25,4.8,95.2,18.2,81.8,16,84,4.9,95.1,14.6,85.4,55.6,44.5,0,100,71.5,28.5,73.7,26.3,99.4,0.6,90.4,9.6,100,0,59.5,40.5,2.5,97.5,52.5,47.5,0.2,99.8,95.2,4.8,71.6,28.4,99.4,0.6,17.6,82.4,4.6,95.4,5.1,94.9,49.1,50.9,19.8,80.2,100,0,80.8,19.2,99.9,0.1,1.4,98.6,69.9,30.1,0,100
Aug 4,76,24,338.2,199.8,0.6,99.4,25.7,74.3,58.6,41.4,3.6,96.4,100,0,82.8,17.2,97.9,2.1,98.5,1.5,100,0,67.2,32.8,50.6,49.4,100,0,1.4,98.6,98.8,1.2,8.6,91.4,49.4,50.6,8.7,91.3,1,99,8.1,92,79.3,20.7,96.3,3.7,61.3,38.7,100,0,100,0,73.4,26.6,75.2,24.8,4.7,95.3,18.4,81.6,15.6,84.4,5.2,94.8,14.3,85.7,56,44,0,100,70.7,29.3,73.2,26.8,99.3,0.7,90.1,9.9,100,0,59.1,40.9,2.4,97.6,52.1,47.9,0.2,99.8,95.2,4.8,71.4,28.6,99.3,0.7,18.7,81.3,4.6,95.4,4.7,95.3,48.2,51.8,19.6,80.5,100,0,80.1,19.9,99.9,0.1,1.4,98.6,69,31,0,100
Aug 5,75.5,24.5,336.4,201.6,0.5,99.5,24.7,75.3,58.4,41.6,3.2,96.8,100,0,82.5,17.5,97.7,2.4,98.4,1.6,100,0,66.5,33.5,50,50,100,0,1.2,98.8,98.7,1.3,6.3,93.7,48.3,51.7,8.7,91.3,1.1,98.9,7.4,92.6,79.3,20.7,96.1,3.9,60.3,39.7,100,0,100,0,73.2,26.8,74.2,25.8,4.5,95.5,17.7,82.3,15.1,84.9,4.3,95.7,13.7,86.3,55.4,44.6,0,100,70.5,29.5,73.2,26.8,99.4,0.6,89.7,10.3,100,0,58.6,41.4,2.1,97.9,51.6,48.4,0.2,99.8,95,5.1,70.9,29.1,99.3,0.7,18.2,81.8,4.2,95.8,4.7,95.3,47.1,52.9,19.3,80.7,100,0,79.8,20.2,99.9,0.1,1.1,98.9,70.6,29.4,0,100
Aug 6,75.7,24.3,337.2,200.8,0.5,99.5,25,75,60,40,3.1,96.9,100,0,82.1,17.9,97.9,2.1,98.4,1.6,100,0,66.5,33.5,48.8,51.2,100,0,1.2,98.8,98.8,1.2,6.3,93.7,49,51,8.6,91.4,1.6,98.4,7.6,92.4,80.1,19.9,96.3,3.7,60.3,39.7,100,0,100,0,73.8,26.2,74,26,4.2,95.9,17.6,82.4,15.6,84.4,4.5,95.5,13.8,86.2,54.8,45.2,0,100,70.4,29.6,73,27,99.5,0.5,90.1,9.9,100,0,59.2,40.8,2.2,97.8,53,47,0.1,99.9,95,5,70.6,29.4,99.4,0.6,19.6,80.4,4.2,95.8,4.5,95.5,47.5,52.5,18.8,81.2,100,0,80.5,19.5,99.9,0.1,1.2,98.8,71.1,28.9,0,100
Aug 7,75.3,24.7,335.9,202.1,0.6,99.4,25,75,59.4,40.6,3.3,96.7,100,0,82.7,17.3,98,2,98.5,1.5,100,0,65.9,34.1,48.2,51.8,100,0,1.1,98.9,98.8,1.2,6.4,93.6,48.3,51.7,8.7,91.3,1.7,98.3,7.6,92.4,79.5,20.5,96.2,3.8,60.3,39.7,100,0,100,0,73.9,26.1,73.7,26.3,4.3,95.7,17.8,82.2,15.5,84.5,4.2,95.8,13.8,86.2,54.9,45.2,0,100,70.4,29.6,72.9,27.1,99.4,0.6,90.3,9.7,100,0,58.7,41.3,2.2,97.9,52.9,47.1,0.1,99.9,95.3,4.7,69.9,30.1,99.5,0.5,19.4,80.6,4.2,95.8,4.4,95.6,45.8,54.2,15.9,84.1,100,0,80.8,19.3,99.9,0.1,1.2,98.8,71.2,28.9,0,100
Aug 8,75.8,24.2,336.8,201.2,0.5,99.5,24.8,75.2,60.4,39.7,3.5,96.5,100,0,82.9,17.1,98.1,1.9,98.7,1.4,100,0,66.4,33.6,48.4,51.6,100,0,1.1,98.9,98.9,1.1,6,94,48.8,51.2,8.8,91.2,1.8,98.2,7.8,92.2,79.8,20.2,96.5,3.5,60.3,39.7,100,0,100,0,74,26,73.5,26.6,4.2,95.8,18,82,15.9,84.1,4.4,95.6,13.8,86.2,55.6,44.4,0,100,71.3,28.7,73.5,26.5,99.4,0.6,90.8,9.2,100,0,58.1,41.9,2.3,97.7,53.6,46.4,0,100,95.6,4.4,70.6,29.4,99.4,0.6,19.5,80.5,4.3,95.7,4.5,95.5,46.2,53.8,16.2,83.8,100,0,80.8,19.2,100,0,1.1,98.9,71.7,28.3,0,100
Aug 9,75.5,24.5,336.3,201.7,0.4,99.6,24.8,75.2,59.6,40.4,3,97,100,0,82.7,17.3,98.1,1.9,98.7,1.3,100,0,66.2,33.8,47.6,52.4,100,0,1.1,98.9,98.9,1.1,6.2,93.8,48.7,51.3,8.6,91.4,1.5,98.5,8,92,80.4,19.6,96.7,3.3,60.8,39.2,100,0,100,0,74.1,25.9,74.3,25.7,4.3,95.7,17.5,82.5,15,85,4.3,95.7,13.9,86.1,55.3,44.7,0,100,71.3,28.7,74.1,25.9,99.5,0.5,90.6,9.4,100,0,58.9,41.1,2.2,97.8,53.2,46.8,0,100,95.3,4.7,70.9,29.1,99.4,0.6,19.5,80.5,3.9,96.1,4.4,95.6,45.4,54.6,15.8,84.2,100,0,80.9,19.1,99.9,0.1,1,99,71.6,28.4,0,100
Aug 10,76.1,23.9,337,201,0.4,99.6,25.2,74.8,58.4,41.6,3.3,96.7,100,0,83.3,16.7,98.4,1.6,98.8,1.2,100,0,66.3,33.7,48.2,51.8,100,0,1.3,98.7,99.1,0.9,5.8,94.3,48.7,51.3,8.7,91.3,1.7,98.3,7.7,92.3,81.1,18.9,96.8,3.2,61.5,38.5,100,0,100,0,74.3,25.7,74.4,25.6,4.3,95.7,17.7,82.3,15.3,84.8,4.5,95.5,14,86,55.9,44.1,0,100,71.4,28.6,74.1,25.9,99.5,0.5,91.2,8.8,100,0,58.4,41.6,2.3,97.7,53.1,46.9,0.1,99.9,95.9,4.1,71.7,28.3,99.6,0.5,19.1,80.9,4.3,95.7,4.4,95.6,46,54,16.4,83.6,100,0,81.3,18.7,100,0,1.2,98.8,71.4,28.6,0,100
Aug 11,76.3,23.7,337.8,200.2,0.4,99.6,25.5,74.5,59.8,40.2,3.2,96.8,100,0,84,16,98.5,1.5,99,1,100,0,66.9,33.1,49.3,50.7,100,0,1.3,98.7,99.1,0.9,5.7,94.3,48.7,51.3,8.8,91.2,1.5,98.5,8.1,91.9,80.4,19.6,96.9,3.1,62,38,100,0,100,0,74.8,25.2,71.7,28.3,4.2,95.9,18.1,81.9,15.2,84.8,4.8,95.2,14.7,85.3,57.2,42.8,0,100,72,28,74.6,25.4,99.6,0.4,91.5,8.5,100,0,56.9,43.1,2.3,97.7,54.2,45.8,0,100,96.3,3.7,71.7,28.3,99.6,0.4,19.2,80.8,4.4,95.6,4.4,95.6,47,53,16.2,83.8,100,0,81.6,18.4,100,0,1.2,98.8,70.4,29.6,0,100
Aug 12,75.1,24.9,336,202,0.4,99.7,22.7,77.3,59.1,40.9,14.9,85.1,100,0,84.6,15.4,99.6,0.4,99.5,0.5,100,0,65.9,34.1,48.2,51.8,100,0,1.2,98.8,99.1,0.9,5.9,94.1,48,52,10,90,1.7,98.3,7.5,92.5,79.6,20.4,96.9,3.1,60.7,39.3,100,0,100,0,73.7,26.3,70.1,29.9,3.7,96.3,17.4,82.6,14.6,85.4,4.4,95.6,13.9,86.1,56.5,43.5,0,100,70.5,29.5,73.8,26.2,99.6,0.4,90.4,9.6,100,0,56.9,43.2,2.5,97.5,52.6,47.4,0,100,96.2,3.8,70.3,29.7,99.6,0.4,18.7,81.3,4,96,4,96,45.8,54.2,15.6,84.4,100,0,81.1,18.9,100,0,0,100,69.6,30.4,0,100
Aug 13,75.8,24.2,336.7,201.3,0.3,99.7,22.9,77.1,59.9,40.1,14.6,85.4,100,0,85,15,99.6,0.4,99.5,0.5,100,0,66.6,33.4,48.7,51.3,100,0,1,99,99.1,0.9,5.6,94.4,48.8,51.2,10,90,1.6,98.4,7.3,92.7,80.2,19.8,97,3,61.5,38.5,100,0,100,0,74.6,25.4,70.4,29.6,2.9,97.1,16.9,83.1,14.6,85.4,4.2,95.8,13.8,86.2,56.1,43.9,0,100,70.8,29.2,74.3,25.7,99.5,0.5,90.6,9.4,100,0,57.1,42.9,2.5,97.5,53.1,46.9,0,100,96.1,3.9,70.3,29.7,99.6,0.4,18.4,81.6,3.8,96.2,3.8,96.2,45.9,54.1,15.3,84.7,100,0,80.8,19.2,100,0,0,100,71.3,28.7,0,100
Aug 14,76.3,23.7,338,200,0.3,99.7,23.5,76.5,60.2,39.8,15,85,100,0,85.5,14.5,99.7,0.3,99.5,0.5,100,0,66.8,33.2,49.2,50.8,100,0,1.1,98.9,99.2,0.8,5.8,94.2,48.5,51.5,10.1,89.9,1.4,98.6,7.8,92.2,80.5,19.5,97.4,2.6,62.3,37.7,100,0,100,0,74.4,25.6,70.9,29.1,2.8,97.2,17.2,82.8,14.8,85.2,4.7,95.3,14.2,85.8,56.8,43.2,0,100,71.7,28.3,74.7,25.3,99.6,0.4,90.6,9.4,100,0,57.6,42.4,2.3,97.7,53.1,46.9,0,100,96.7,3.3,71.1,28.9,99.7,0.3,19.1,80.9,4.3,95.7,3.9,96.1,46.6,53.4,15.8,84.2,100,0,82,18,100,0,0,100,71.3,28.7,0,100
Aug 15,76,24,337.7,200.3,0.2,99.8,22.9,77.1,59.8,40.2,14.9,85.1,100,0,85.3,14.7,99.6,0.4,99.6,0.4,100,0,66.9,33.1,49.2,50.8,100,0,0.9,99.1,99.3,0.7,5.5,94.5,49,51,10,90,1.3,98.7,7.5,92.5,80.5,19.6,97.4,2.6,62.2,37.8,100,0,100,0,74.2,25.8,70.7,29.3,2.8,97.2,17.2,82.8,15,85.1,4.6,95.4,14.5,85.5,56.9,43.1,0,100,71.9,28.1,74.3,25.7,99.6,0.4,90.6,9.4,100,0,56.8,43.2,2.4,97.6,53.6,46.4,0,100,96.5,3.5,70.7,29.3,99.7,0.3,18.7,81.3,4.2,95.8,3.8,96.2,46.6,53.4,15,85,100,0,82.1,17.9,100,0,0,100,72,28.1,0,100
Aug 16,75.2,24.8,335.3,202.7,0.3,99.7,21.9,78.1,59.7,40.3,15,85,100,0,85.4,14.6,99.7,0.3,99.6,0.4,100,0,66.1,33.9,48.4,51.6,100,0,1,99,99.2,0.8,5.2,94.8,47.6,52.4,9.4,90.6,1.3,98.7,7,93,80.1,19.9,97.1,2.9,61.2,38.8,100,0,100,0,73.8,26.3,70.5,29.5,2.6,97.4,16.4,83.6,13.6,86.4,4,96,13.2,86.8,56.1,43.9,0,100,71,29.1,73.9,26.1,99.6,0.4,90.7,9.3,100,0,54.6,45.4,2.2,97.8,52.3,47.7,0,100,96.2,3.8,70.3,29.7,99.6,0.4,18.1,81.9,3.8,96.2,3.6,96.4,45.2,54.8,15.2,84.8,100,0,81.4,18.6,100,0,0,100,70.8,29.2,0,100
Aug 17,75.6,24.4,335.9,202.1,0.3,99.7,21.9,78.1,60.3,39.7,15.4,84.6,100,0,85.9,14.1,99.7,0.3,99.7,0.3,100,0,66.6,33.4,46.9,53.1,100,0,0.9,99.1,99.2,0.8,5.1,94.9,48.2,51.8,9.5,90.5,1.3,98.7,7,93,80.4,19.6,97.5,2.5,62.2,37.8,100,0,100,0,74.4,25.6,70.2,29.8,2.6,97.4,17.1,82.9,14,86,4.2,95.8,13.7,86.3,57.3,42.7,0,100,71.7,28.3,74.7,25.3,99.7,0.3,91.1,8.9,100,0,55.9,44.1,2.2,97.8,53.6,46.4,0,100,96.8,3.2,71,29.1,99.8,0.2,18.4,81.6,3.8,96.2,3.8,96.2,43.3,56.7,15.5,84.5,100,0,82.7,17.3,100,0,0,100,71.3,28.7,0,100
Aug 18,76,24,335.8,202.2,0.3,99.7,22.1,77.9,60.5,39.5,14.8,85.2,100,0,85.9,14.1,99.7,0.3,99.7,0.3,100,0,66.6,33.4,47.2,52.8,100,0,0.8,99.2,99.4,0.6,5,95,48.4,51.6,9.4,90.6,1.2,98.8,7.1,92.9,80.3,19.7,97.4,2.6,62.4,37.6,100,0,100,0,74.3,25.7,71.2,28.8,2.3,97.8,16.8,83.2,13.7,86.3,4.2,95.8,13.9,86.1,56.7,43.3,0,100,72.1,27.9,74.8,25.2,99.7,0.3,91.3,8.7,100,0,56.2,43.8,2.1,97.9,53.1,46.9,0,100,96.8,3.2,72,28,99.6,0.4,17.9,82.1,3.7,96.3,3.2,96.8,43.2,56.8,14.5,85.5,100,0,82.1,17.9,100,0,0,100,71.4,28.6,0,100
Aug 19,75.7,24.3,334.6,203.4,0.2,99.8,22.1,77.9,60.1,39.9,14.3,85.7,100,0,86.1,13.9,99.8,0.2,99.8,0.2,100,0,66.4,33.6,47.4,52.6,100,0,0.8,99.2,99.3,0.7,4.9,95.1,47.6,52.4,9.2,90.8,1.2,98.8,3.1,96.9,80.6,19.4,97.6,2.4,61.9,38.1,100,0,100,0,73.9,26.1,69.5,30.5,2.4,97.6,15.8,84.2,13.7,86.3,3.7,96.3,13.6,86.4,56.8,43.3,0,100,71.9,28.1,74.9,25.1,99.8,0.2,91.4,8.6,100,0,55.9,44.1,2,98,52.7,47.3,0,100,96.7,3.3,71.4,28.6,99.8,0.2,17.4,82.6,3.6,96.4,3.3,96.7,42.8,57.2,15.1,84.9,100,0,82.2,17.8,100,0,0,100,71.1,28.9,0,100
Aug 20,76.3,23.7,336.5,201.5,0.3,99.7,22.4,77.6,61.3,38.7,15.1,84.9,100,0,86.3,13.7,99.8,0.2,99.8,0.3,100,0,67.4,32.6,48,52,100,0,1,99,99.3,0.7,5,95,49,51,9.7,90.3,1.2,98.8,3.4,96.7,81.3,18.7,97.9,2.1,63,37,100,0,100,0,74.6,25.4,70.4,29.6,2.4,97.6,16.9,83.1,13.6,86.4,4.2,95.8,14.1,85.9,58,42,0,100,73,27.1,74.7,25.3,99.7,0.3,91.5,8.5,100,0,56.4,43.6,2.3,97.8,53.4,46.6,0,100,96.9,3.1,70.7,29.3,99.8,0.2,18.5,81.5,3.8,96.2,3.6,96.4,43.7,56.3,15.3,84.7,100,0,83,17,100,0,0,100,71.4,28.6,0,100
Aug 21,76.3,23.7,336.4,201.6,0.2,99.8,22.8,77.2,61.9,38.1,14.5,85.5,100,0,86.9,13.1,99.8,0.2,99.8,0.2,100,0,68.3,31.8,48.2,51.8,100,0,0.7,99.3,99.5,0.5,5,95,49.1,50.9,9.5,90.5,1.3,98.7,4.6,95.5,81.1,18.9,97.6,2.4,62.8,37.2,100,0,100,0,74.5,25.5,70.7,29.3,2.5,97.5,16.5,83.5,13.7,86.3,3.7,96.3,13.6,86.4,57.8,42.2,0,100,73.1,26.9,74.6,25.4,99.8,0.2,92.2,7.8,100,0,55,45,2,98,51.2,48.8,0,100,97.1,2.9,70.5,29.5,99.8,0.2,18.2,81.8,3.7,96.3,3.5,96.5,44,56,15.4,84.6,100,0,82.8,17.2,100,0,0,100,71.6,28.4,0,100
Aug 22,76.5,23.5,337.1,200.9,0.2,99.8,22.7,77.3,62,38,14.9,85.1,100,0,87.1,12.9,99.8,0.2,99.8,0.2,100,0,68.7,31.3,48.2,51.8,100,0,0.9,99.1,99.5,0.5,5.2,94.8,49,51,10,90,1.2,98.8,4.8,95.2,81.6,18.4,97.9,2.1,63.1,36.9,100,0,100,0,74.9,25.1,71.1,28.9,2.5,97.5,16.7,83.3,13.8,86.2,4.1,95.9,13.8,86.2,58.6,41.4,0,100,73.4,26.6,74.7,25.3,99.8,0.2,92.2,7.8,100,0,55.6,44.4,2.2,97.8,51.3,48.7,0,100,97.1,2.9,70.5,29.5,99.8,0.2,18.1,81.9,3.7,96.3,3.4,96.6,44.1,55.9,15.4,84.6,100,0,83.2,16.8,100,0,0,100,71.6,28.4,0,100
Aug 23,77.2,22.8,339.1,198.9,0.3,99.7,23.4,76.6,63.8,36.2,14.3,85.7,100,0,88.1,11.9,99.8,0.2,99.8,0.2,100,0,69,31,48.9,51.1,100,0,0.9,99.1,99.6,0.4,5.4,94.7,49.6,50.4,9.8,90.2,1.3,98.7,4.7,95.3,81.7,18.3,98.3,1.7,63.6,36.4,100,0,100,0,75.9,24.1,71.5,28.5,2.6,97.4,17,83,14.3,85.7,4.4,95.6,14.2,85.8,59,41,0,100,74.9,25.1,75.4,24.6,99.8,0.2,92.8,7.2,100,0,55.7,44.3,2.1,97.9,52.8,47.2,0,100,97.4,2.6,71.7,28.3,99.8,0.2,18.3,81.7,4,96,3.6,96.4,44.7,55.4,15.8,84.2,100,0,83.8,16.2,100,0,0,100,72.7,27.3,0,100
Aug 24,78,22,340.6,197.4,0.2,99.8,23.3,76.7,64.3,35.7,14.8,85.2,100,0,88.1,11.9,99.9,0.1,99.9,0.1,100,0,70.4,29.6,49.5,50.5,100,0,1.1,98.9,99.7,0.3,5.4,94.6,50,50,10.2,89.8,1.3,98.7,2.6,97.4,82.3,17.8,98.2,1.8,64.6,35.4,100,0,100,0,76.5,23.5,71.8,28.2,2.6,97.4,17.3,82.7,13.9,86.2,4.5,95.5,14.8,85.2,59.8,40.2,0,100,75,25,75.8,24.2,99.8,0.2,92.8,7.2,100,0,58.1,41.9,2.1,97.9,52.1,47.9,0,100,97.8,2.2,71.9,28.1,99.9,0.1,18.8,81.2,4.3,95.7,3.4,96.6,45.9,54.1,16,84,100,0,84,16,100,0,0,100,73.1,26.9,0,100
Aug 25,77.6,22.4,339.4,198.6,0.3,99.7,23.3,76.7,63.3,36.7,14.2,85.8,100,0,87.9,12.1,99.9,0.1,99.8,0.2,100,0,69.1,30.9,48.9,51.1,100,0,1,99.1,99.6,0.4,5,95,49.5,50.6,10.2,89.8,1.1,98.9,2.4,97.6,81.7,18.3,98.3,1.7,64.4,35.6,100,0,100,0,76,24,71.6,28.4,2.4,97.6,16.7,83.3,14.2,85.8,4.6,95.4,14.7,85.3,59.4,40.6,0,100,74.9,25.1,75.8,24.2,99.8,0.2,92.9,7.1,100,0,57.6,42.4,2,98,51.9,48.1,0,100,97.7,2.3,71.8,28.2,99.8,0.2,18.1,81.9,4.2,95.9,3.4,96.6,46,54,15.7,84.3,100,0,84.3,15.7,100,0,0,100,71.3,28.7,0,100
Aug 26,76.1,23.9,335.4,202.6,0.2,99.8,21.5,78.5,61.7,38.3,14.2,85.8,100,0,87.1,12.9,99.8,0.2,99.8,0.2,100,0,67.2,32.8,48,52,100,0,0.6,99.4,99.5,0.5,4.6,95.5,48.3,51.7,8.8,91.2,1,99,2.1,97.9,81,19,97.9,2.1,62.3,37.7,100,0,100,0,75.1,24.9,70.2,29.8,2.1,97.9,15.9,84.1,13.2,86.8,3.6,96.4,12.9,87.1,57.5,42.5,0,100,73.2,26.8,74.7,25.3,99.8,0.2,92.2,7.8,100,0,56.8,43.2,1.7,98.3,50.2,49.8,0,100,97.1,2.9,70,30,99.9,0.1,17.4,82.6,3.4,96.6,3,97,43.8,56.2,14.8,85.2,100,0,84.6,15.4,100,0,0,100,70.1,29.9,0,100
Aug 27,76.1,23.9,335.7,202.3,0.2,99.8,21.8,78.2,61.9,38.1,14.7,85.3,100,0,87.3,12.7,99.9,0.1,99.9,0.1,100,0,67.7,32.3,47.8,52.2,100,0,0.7,99.3,99.5,0.5,4.3,95.7,48.7,51.3,8.7,91.3,1,99,2,98,81,19,98,2,62.8,37.2,100,0,100,0,75.6,24.4,70.5,29.5,2.1,97.9,15.8,84.2,13.3,86.7,3.1,96.9,13.4,86.6,57.9,42.1,0,100,73.6,26.4,74.4,25.6,99.8,0.2,92.3,7.7,100,0,56.6,43.4,1.9,98.1,50.3,49.7,0,100,97.3,2.7,69.8,30.2,99.9,0.1,17.1,82.9,3,97,2.9,97.1,44,56,14.1,85.9,100,0,84.6,15.4,100,0,0,100,70,30,0,100
Aug 28,77.4,22.6,338.9,199.1,0.2,99.8,22.7,77.3,63.4,36.6,14.3,85.7,100,0,89.1,10.9,99.9,0.1,99.9,0.1,100,0,68.5,31.5,48.9,51.1,100,0,0.7,99.3,99.7,0.3,4.7,95.3,49.1,50.9,9.6,90.4,1,99.1,2.5,97.5,82.4,17.6,98.6,1.4,64.8,35.2,100,0,100,0,74.8,25.2,71.9,28.1,2.2,97.8,16.5,83.5,14,86,4,96,13.5,86.5,58.8,41.2,0,100,75.6,24.4,75.7,24.3,99.9,0.1,93.5,6.5,100,0,57.4,42.6,1.8,98.2,51.9,48.2,0,100,97.8,2.2,70.8,29.2,99.9,0.1,18.1,81.9,3.6,96.4,3.1,96.9,45.9,54.1,15.4,84.6,100,0,85.8,14.2,100,0,0,100,71.3,28.7,0,100
Aug 29,77.2,22.8,337.6,200.4,0.2,99.8,22.3,77.7,62.8,37.2,14.9,85.1,100,0,88.6,11.4,99.9,0.1,99.9,0.1,100,0,68.3,31.7,48.6,51.4,100,0,0.7,99.3,99.6,0.4,4.4,95.6,47.9,52.1,9.1,90.9,0.9,99.1,2.3,97.7,82.2,17.8,98.4,1.6,63.7,36.3,100,0,100,0,75.1,24.9,71.7,28.3,2.2,97.8,15.9,84.1,13.1,86.9,3.4,96.6,13.2,86.8,58.1,41.9,0,100,74.9,25.1,76,24,99.9,0.1,93.2,6.9,100,0,56.9,43.1,2,98,50.7,49.3,0,100,97.6,2.4,70.6,29.4,99.9,0.1,17.3,82.7,3.2,96.8,3.1,96.9,45.4,54.6,14.9,85.1,100,0,85.7,14.3,100,0,0,100,70.8,29.2,0,100
Aug 30,76.2,23.8,335.9,202.1,0.1,99.9,21.3,78.6,61.7,38.3,14.5,85.5,100,0,88.1,11.9,99.9,0.1,99.9,0.1,100,0,67.5,32.5,47.7,52.3,100,0,0.5,99.5,99.7,0.3,4.1,95.9,47.8,52.2,8.6,91.4,0.9,99.1,2.1,97.9,81.6,18.4,98,2.1,62.4,37.6,100,0,100,0,74.2,25.8,70.8,29.2,2,98,15.8,84.2,12.4,87.6,3.3,96.7,12.4,87.6,56.9,43.1,0,100,74.5,25.5,75.5,24.5,99.9,0.1,93,7,100,0,56.4,43.6,1.8,98.2,50.6,49.4,0,100,97.5,2.5,69.8,30.2,99.9,0.1,17.3,82.7,2.8,97.2,2.8,97.2,44.6,55.4,14.9,85.2,100,0,85,15,100,0,0,100,70.6,29.4,0,100
Aug 31,74.8,25.2,331.9,206.1,0.1,99.9,20.5,79.6,60.8,39.2,14.8,85.2,100,0,87.2,12.8,99.8,0.2,99.9,0.1,100,0,66.3,33.7,46.2,53.8,100,0,0.4,99.6,99.4,0.6,3.6,96.4,46.7,53.3,7.8,92.2,0.8,99.2,1.7,98.3,81,19,97.8,2.2,60.3,39.7,100,0,100,0,73.2,26.8,69.3,30.7,1.8,98.2,12.1,87.9,11.7,88.3,2.4,97.6,11,89,55.1,44.9,0,100,72.1,27.9,74.4,25.6,99.8,0.2,92.2,7.8,100,0,55.9,44.1,1.9,98.1,48.9,51.1,0,100,96.9,3.1,68.7,31.3,99.7,0.3,16.7,83.3,2.1,97.9,2.6,97.4,42.4,57.6,13.1,86.9,100,0,83.9,16.1,100,0,0,100,69.4,30.6,0,100
Sep 1,74.6,25.4,332.3,205.7,0.1,99.9,20.7,79.3,62.5,37.6,14.8,85.2,100,0,86.3,13.7,99.9,0.1,99.9,0.1,100,0,65.7,34.3,45.6,54.4,100,0,0.3,99.7,99.3,0.7,3.3,96.7,47.2,52.8,7.9,92.1,0.6,99.4,1.5,98.5,81.2,18.8,97.5,2.5,59.9,40.1,100,0,100,0,73.8,26.2,72.1,27.9,1.6,98.4,12.9,87.1,12.7,87.3,2.2,97.8,10.8,89.2,54.3,45.7,0,100,72,28,74.1,25.9,99.9,0.2,92.1,7.9,100,0,55.1,44.9,1.7,98.3,46.8,53.2,0,100,96.7,3.3,67.9,32.1,99.8,0.2,16,84.1,2.1,97.9,2.1,97.9,44.5,55.5,12.9,87.1,100,0,83.8,16.2,100,0,0,100,72.2,27.8,0,100
Sep 2,75.6,24.5,333.1,204.9,0.1,99.9,20.8,79.2,64,36,13.9,86.1,100,0,86.3,13.7,99.9,0.1,100,0,100,0,65.9,34.1,45.8,54.2,100,0,0.4,99.6,99.6,0.5,3.3,96.7,46.9,53.1,7.7,92.3,0.7,99.3,1.6,98.4,81.4,18.7,97.7,2.3,60.4,39.6,100,0,100,0,73.7,26.3,72.7,27.3,1.6,98.4,12.8,87.2,12.7,87.3,2.2,97.8,10.9,89.1,54.9,45.1,0,100,72.8,27.2,74.9,25.1,99.9,0.1,92.5,7.5,100,0,57.3,42.7,1.5,98.5,46.5,53.5,0,100,97,3,67.3,32.7,99.8,0.2,16.1,83.9,2.1,97.9,2.3,97.7,44.3,55.7,13.2,86.8,100,0,84.4,15.6,100,0,0,100,73.8,26.2,0,100
Sep 3,74.6,25.5,332.6,205.4,0.1,99.9,20.3,79.7,64.1,35.9,14,86,100,0,86.3,13.7,99.9,0.1,99.9,0.1,100,0,63.2,36.8,46.4,53.6,100,0,0.3,99.7,99.4,0.6,3.5,96.5,47.2,52.8,7.7,92.3,0.7,99.3,1.5,98.5,81.1,18.9,97.8,2.2,60.7,39.3,100,0,100,0,73.3,26.7,72.7,27.3,1.6,98.4,13.6,86.4,12.3,87.7,2.2,97.8,11,89,55.4,44.6,0,100,73.1,26.9,74.9,25.1,99.8,0.2,92.3,7.7,100,0,58,42,1.4,98.6,46.7,53.3,0,100,97,3,67.4,32.6,99.8,0.2,15.9,84.1,2,98,2.3,97.7,44.3,55.7,12.8,87.2,100,0,84,16,100,0,0,100,73.9,26.1,0,100
Sep 4,75.1,24.9,333.5,204.5,0.1,99.9,20.4,79.6,64.4,35.6,15,85,100,0,86.2,13.8,99.9,0.1,99.9,0.1,100,0,62.2,37.8,45.5,54.5,100,0,0.3,99.7,99.5,0.5,3.3,96.7,46.6,53.4,7.9,92.1,0.7,99.3,1.5,98.5,81.9,18.1,98,2,60.8,39.2,100,0,100,0,74.2,25.8,72.8,27.2,1.6,98.4,12.6,87.4,12.7,87.3,2.3,97.7,10.8,89.2,55.4,44.6,0,100,72.8,27.2,74.5,25.5,99.8,0.2,92.4,7.6,100,0,58,42,1.6,98.4,46.4,53.6,0,100,97.2,2.8,67.9,32.1,99.8,0.2,16,84,2,98,2.4,97.6,46.9,53.1,13.3,86.7,100,0,85.1,14.9,100,0,0,100,73.6,26.4,0,100
Sep 5,75.8,24.2,334.4,203.6,0.1,99.9,20.4,79.6,64.2,35.8,14.1,85.9,100,0,86.7,13.3,99.9,0.1,100,0,100,0,62.4,37.6,45.8,54.2,100,0,0.3,99.7,99.5,0.5,3.1,96.9,47.3,52.8,7.9,92.1,0.6,99.4,1.3,98.7,81.8,18.2,97.9,2.1,60.5,39.5,100,0,100,0,74.5,25.5,73.4,26.6,1.5,98.5,12.9,87.1,12.9,87.1,2.6,97.4,11.2,88.8,55.1,44.9,0,100,73.2,26.8,75.8,24.2,99.9,0.1,92.9,7.1,100,0,58.5,41.5,1.6,98.4,47.1,52.9,0,100,97.3,2.7,68.4,31.6,99.8,0.2,15.7,84.3,2.2,97.8,2.4,97.6,47.6,52.4,13.4,86.6,100,0,85.1,14.9,100,0,0,100,74,26,0,100
Sep 6,75.3,24.7,333.2,204.8,0.1,99.9,19.8,80.3,64.3,35.7,14,86,100,0,86.7,13.3,99.9,0.1,99.9,0.1,100,0,62.2,37.8,45.9,54.1,100,0,0.3,99.7,99.5,0.5,3.2,96.8,46.3,53.7,7.2,92.8,0.7,99.3,1.3,98.7,81.7,18.3,98.1,1.9,60.6,39.4,100,0,100,0,75.1,24.9,73.4,26.6,1.5,98.6,12.8,87.2,12.5,87.5,2.2,97.8,11.1,88.9,56.5,43.5,0,100,72.9,27.1,74.6,25.4,99.9,0.1,94.2,5.8,100,0,57.7,42.3,1.4,98.6,46.7,53.3,0,100,97.4,2.6,68.3,31.7,99.9,0.1,15.2,84.8,2,98,2.1,97.9,45.6,54.4,13.2,86.8,100,0,85.2,14.9,100,0,0,100,73.9,26.1,0,100
Sep 7,75.4,24.7,333.3,204.7,0.1,99.9,20.4,79.6,64.4,35.6,12.9,87.1,100,0,86.6,13.4,99.9,0.1,100,0.1,100,0,62.6,37.4,45.6,54.4,100,0,0.4,99.6,99.5,0.5,3.3,96.7,47.1,52.9,7.5,92.5,0.6,99.4,1.4,98.6,81.9,18.1,98.3,1.7,61.5,38.5,100,0,100,0,74.5,25.5,73.4,26.6,1.5,98.5,12.4,87.6,12.5,87.5,2.3,97.7,10.9,89.1,55.3,44.7,0,100,73,27,75.3,24.7,99.9,0.1,94.4,5.6,100,0,57.9,42.1,1.2,98.8,46.2,53.8,0,100,97.4,2.6,68.2,31.8,99.9,0.1,15.7,84.3,2.2,97.8,2.2,97.8,45.7,54.3,12.8,87.2,100,0,84.8,15.2,100,0,0,100,74.6,25.4,0,100
Sep 8,75.5,24.5,332.4,205.6,0.1,99.9,20.2,79.8,65,35,12.5,87.5,100,0,86.9,13.2,99.9,0.1,100,0,100,0,59.4,40.6,45.3,54.8,100,0,0.3,99.7,99.6,0.4,2.8,97.2,47.4,52.6,7.4,92.6,0.7,99.3,1.3,98.7,82.4,17.6,98.2,1.8,61.1,38.9,100,0,100,0,74.2,25.8,74,26,1.3,98.7,12.7,87.3,12.1,87.9,2.1,97.9,10.5,89.5,56.2,43.8,0,100,73.3,26.7,75.4,24.6,99.9,0.1,94.5,5.5,100,0,56.8,43.2,1.2,98.8,48.8,51.2,0,100,97.6,2.4,67.4,32.6,99.9,0.1,15.6,84.4,1.9,98.1,2,98,45.2,54.8,12.5,87.5,100,0,85.3,14.7,100,0,0,100,75.2,24.8,0,100
Sep 9,76.2,23.8,334.5,203.5,0.1,99.9,19.6,80.4,66,34,12.6,87.4,100,0,85.7,14.3,99.9,0.1,100,0.1,100,0,61.9,38.1,44.9,55.1,100,0,0.3,99.7,99.7,0.4,2.7,97.3,47.1,52.9,7.4,92.6,0.6,99.4,1.2,98.8,82.1,17.9,98.4,1.6,61.6,38.4,100,0,100,0,76.8,23.3,73.8,26.2,1.3,98.7,12.4,87.6,12.6,87.4,2.3,97.7,10.9,89.1,56,44,0,100,73.3,26.7,75.7,24.3,99.9,0.1,94.9,5.1,100,0,57.9,42.1,1.2,98.8,49,51,0,100,97.7,2.3,70.1,29.9,99.9,0.1,15.6,84.4,1.9,98.1,2.1,97.9,46,54,13,87,100,0,85.7,14.3,100,0,0,100,74.5,25.5,0,100
Sep 10,75.6,24.4,333.5,204.5,0.1,99.9,19.6,80.4,66.4,33.6,12.1,87.9,100,0,84.1,15.9,99.9,0.1,99.9,0.1,100,0,61.9,38.1,44.8,55.2,100,0,0.3,99.7,99.6,0.4,2.8,97.2,46.8,53.2,7.1,92.9,0.5,99.5,1.2,98.8,83.6,16.4,98.2,1.8,60.6,39.4,100,0,100,0,76.7,23.3,73.6,26.4,1.2,98.8,12.2,87.8,12.3,87.7,2,98,10.2,89.8,55.5,44.6,0,100,73.1,26.9,75.4,24.6,99.9,0.1,94.5,5.5,100,0,56.5,43.5,1.1,98.9,48.7,51.3,0,100,97.6,2.4,69.8,30.2,99.9,0.1,15,85,1.7,98.3,2.1,97.9,45.6,54.4,12.6,87.4,100,0,85.3,14.7,100,0,0,100,73.8,26.2,0,100
Sep 11,75.8,24.2,333.4,204.6,0.1,99.9,19.4,80.6,66.3,33.7,12.1,87.9,100,0,84.4,15.6,100,0.1,100,0,100,0,61.9,38.1,45,55,100,0,0.2,99.8,99.7,0.3,2.7,97.3,46,54,6.7,93.3,0.5,99.5,1,99,84.2,15.8,98.3,1.7,60.8,39.2,100,0,100,0,76.5,23.5,74.5,25.5,1.2,98.8,12,88,12,88,1.8,98.2,10.1,89.9,55.2,44.8,0,100,73.2,26.8,75.6,24.4,99.9,0.1,94.9,5.1,100,0,56.3,43.7,1.1,98.9,48.5,51.5,0,100,97.7,2.3,69.8,30.2,99.9,0.1,14.8,85.2,1.9,98.2,1.8,98.2,45.5,54.5,12.2,87.8,100,0,85.8,14.2,100,0,0,100,73.5,26.5,0,100
Sep 12,76.3,23.7,334.3,203.7,0,100,19.3,80.8,65.9,34.1,12.5,87.5,100,0,84.6,15.4,100,0,100,0,100,0,61.8,38.2,45.1,54.9,100,0,0.3,99.8,99.8,0.3,2.8,97.2,46.4,53.6,7,93,0.5,99.5,1.2,98.8,84.2,15.8,98.4,1.7,61.3,38.7,100,0,100,0,77.1,22.9,76.8,23.2,1.1,98.9,11.9,88.1,11.9,88.1,2.2,97.8,10.7,89.3,55.9,44.1,0,100,72.1,27.9,73.4,26.6,99.9,0.1,95,5,100,0,56.7,43.3,1.1,98.9,48.8,51.2,0,100,97.8,2.2,70.5,29.5,99.9,0.1,14.8,85.2,1.8,98.2,1.9,98.1,46.4,53.6,12.3,87.7,100,0,85.5,14.6,100,0,0,100,73.5,26.5,0,100
Sep 13,76.5,23.5,334.5,203.5,0.1,100,19.2,80.8,65.8,34.2,12.3,87.7,100,0,84.5,15.5,100,0,100,0,100,0,62.1,37.9,45.3,54.7,100,0,0.2,99.8,99.7,0.3,2.4,97.6,46.4,53.6,6.6,93.4,0.4,99.6,1.1,98.9,84.3,15.7,98.4,1.6,61,39.1,100,0,100,0,77.6,22.4,78.5,21.5,1.2,98.8,12,88,12.4,87.6,1.8,98.2,10,90,54.9,45.1,0,100,72.8,27.2,72.9,27.1,100,0.1,94.9,5.1,100,0,56.5,43.5,1.2,98.8,49.5,50.6,0,100,97.8,2.2,70.1,29.9,99.9,0.1,14.9,85.1,1.6,98.4,1.9,98.1,46.2,53.8,12.5,87.5,100,0,86,14.1,100,0,0,100,73.8,26.2,0,100
Sep 14,75.6,24.4,332.5,205.5,0.1,99.9,18.7,81.3,66.8,33.2,12.3,87.7,100,0,83.6,16.4,99.9,0.1,100,0,100,0,61.5,38.5,44.3,55.7,100,0,0,100,99.6,0.4,2.4,97.6,46.2,53.8,6.5,93.5,0.4,99.6,0.9,99.1,83.8,16.2,98.2,1.8,60.2,39.8,100,0,100,0,77.5,22.5,77.4,22.6,1.1,99,11,89,11.2,88.8,1.4,98.6,9.7,90.3,54.5,45.5,0,100,71.7,28.3,72.7,27.3,99.9,0.1,94.7,5.3,100,0,54.3,45.7,1,99,48.3,51.7,0,100,97.6,2.5,69.8,30.2,99.9,0.1,13.8,86.2,1.3,98.7,1.7,98.3,45.3,54.7,11.4,88.6,100,0,85.3,14.7,100,0,0,100,73.3,26.7,0,100
Sep 15,76.2,23.8,333.3,204.7,0,100,18.6,81.4,66.5,33.5,12.4,87.6,100,0,84.4,15.6,100,0,100,0,100,0,61.6,38.4,45.6,54.5,100,0,0,100,99.7,0.3,2.4,97.6,46.5,53.5,6.3,93.7,0.3,99.7,0.8,99.2,84.3,15.7,98.3,1.7,60.6,39.4,100,0,100,0,77.4,22.6,77.7,22.3,1.1,98.9,11.3,88.7,11.7,88.3,1.4,98.6,9.2,90.9,54.9,45.1,0,100,71.9,28.2,73,27,99.9,0.1,94.9,5.1,100,0,55.6,44.4,0.9,99.1,47.8,52.2,0,100,97.7,2.3,70.3,29.7,99.9,0.1,14.3,85.7,1.3,98.7,1.6,98.4,44.8,55.2,11.6,88.4,100,0,86.7,13.3,100,0,0,100,75,25,0,100
Sep 16,76,24,332.5,205.5,0,100,17.9,82.1,66.3,33.7,12.1,87.9,100,0,83.5,16.5,100,0,100,0,100,0,60.3,39.7,45.4,54.6,100,0,0,100,99.7,0.3,2.2,97.8,45.5,54.5,6.2,93.9,0.1,99.9,0.8,99.2,88.8,11.2,98.4,1.6,60.3,39.7,100,0,100,0,77.5,22.5,80.6,19.4,0.9,99.1,10.7,89.3,11.4,88.6,1.3,98.7,9.1,90.9,54.4,45.6,0,100,71.5,28.5,72.9,27.2,99.9,0.1,94.8,5.2,100,0,55,45,0.9,99.1,47.9,52.1,0,100,97.5,2.5,70,30,99.9,0.1,13.1,86.9,1.2,98.8,1.6,98.4,44.7,55.3,11,89,100,0,86.8,13.2,100,0,0,100,74.4,25.6,0,100
Sep 17,76.1,23.9,332.9,205.1,0,100,18.2,81.8,65.1,34.9,12.3,87.7,100,0,83.7,16.3,99.9,0.1,100,0,100,0,61.2,38.8,45.8,54.2,100,0,0,100,99.7,0.3,2.2,97.8,46.1,53.9,6.2,93.8,0.2,99.8,0.8,99.2,88.9,11.1,98.4,1.6,59.4,40.6,100,0,100,0,77.4,22.6,81.2,18.8,0.9,99.1,10.7,89.3,11.1,88.9,1.3,98.7,8.7,91.3,53.9,46.1,0,100,71.3,28.7,73.1,26.9,99.9,0.1,94.9,5.1,100,0,56.1,43.9,0.8,99.2,47.7,52.3,0,100,97.6,2.4,70.1,29.9,99.9,0.1,13.5,86.5,1,99,1.5,98.5,44.6,55.5,11,89,100,0,86.4,13.6,100,0,0,100,74.8,25.2,0,100
Sep 18,76.1,23.8,332.9,205.1,0,100,18.1,81.9,66.6,33.4,11.8,88.2,100,0,83.6,16.4,100,0,100,0,100,0,60.6,39.4,45.4,54.6,100,0,0,100,99.6,0.4,2.1,97.9,45.9,54.1,6.1,93.9,0.1,99.9,0.8,99.2,90.1,9.9,98.4,1.6,60.1,39.9,100,0,100,0,77.9,22.1,81.1,18.9,0.8,99.2,10.6,89.4,11.5,88.5,1.3,98.7,8.6,91.4,53.8,46.2,0,100,71.2,28.8,73.4,26.6,99.9,0.1,95.2,4.8,100,0,56,44,0.9,99.1,47,53,0,100,96.7,3.3,70.4,29.6,99.9,0.1,13.3,86.7,1.1,98.9,1.4,98.6,44.8,55.2,10.9,89.1,100,0,87.2,12.8,100,0,0,100,74.2,25.8,0,100
Sep 19,76.3,23.7,332.6,205.4,0,100,17.5,82.5,66.5,33.5,11.6,88.4,100,0,83.7,16.3,100,0,100,0,100,0,60.6,39.4,45.6,54.4,100,0,0,100,99.7,0.3,1.7,98.3,45.6,54.4,5.8,94.2,0.1,99.9,0.7,99.3,89.7,10.3,98.2,1.8,59.1,40.9,100,0,100,0,78.2,21.8,81.1,18.9,0.7,99.3,9.9,90.1,11,89,1.1,98.9,8.5,91.5,53.2,46.8,0,100,71.5,28.5,73,27,99.9,0.1,94.8,5.2,100,0,56.4,43.6,0.7,99.3,46.5,53.5,0,100,97,3,69.9,30.1,99.9,0.1,13,87,1,99,1.2,98.8,45,55,10.7,89.3,100,0,86.9,13.1,100,0,0,100,74.1,25.9,0,100
Sep 20,76.4,23.6,333,205,0,100,17.4,82.6,65.5,34.5,11.6,88.4,100,0,84.2,15.8,100,0,100,0,100,0,60.3,39.7,45.8,54.2,100,0,0,100,99.7,0.3,1.9,98.1,46.2,53.8,5.6,94.4,0.1,99.9,0.7,99.3,90.1,9.9,98.3,1.7,59.9,40.1,100,0,100,0,78.1,21.9,82.1,17.9,0.9,99.1,10.3,89.7,11.8,88.2,1.2,98.8,8.7,91.3,54.2,45.8,0,100,71.4,28.6,73.4,26.6,99.9,0.1,95.3,4.7,100,0,56.5,43.5,0.7,99.3,47,53,0,100,97,3,69.6,30.4,99.9,0.1,13.2,86.8,1.1,98.9,1.3,98.7,45.4,54.6,9.8,90.2,100,0,87.4,12.6,100,0,0,100,74.6,25.4,0,100
Sep 21,76.3,23.7,333.1,204.9,0.1,99.9,17.7,82.3,65.5,34.5,11.1,88.9,100,0,83.7,16.3,100,0,100,0,100,0,60.3,39.7,46.6,53.4,100,0,0,100,99.8,0.2,1.8,98.3,46.1,53.9,5.7,94.3,0.1,99.9,1.7,98.3,89.8,10.2,98.7,1.3,60.2,39.8,100,0,100,0,78.2,21.8,81.9,18.1,1,99,10.3,89.7,11.6,88.4,1.3,98.7,9,91,53.9,46.1,0,100,71.9,28.1,73.4,26.6,99.9,0.1,95.2,4.8,100,0,56.6,43.4,0.6,99.4,46.9,53.1,0,100,97,3,69.1,30.9,99.9,0.1,12.5,87.5,0.9,99.1,1.2,98.8,46.3,53.7,9.4,90.6,100,0,87.2,12.9,100,0,0,100,73.7,26.3,0,100
Sep 22,76.3,23.7,333.1,204.9,0.2,99.8,17.2,82.8,65.6,34.4,10.9,89.1,100,0,84.3,15.7,100,0,100,0,100,0,59.9,40.1,47.8,52.2,100,0,0,100,99.8,0.2,1.7,98.3,47.7,52.3,5.6,94.4,0,100,1.8,98.2,89.9,10.1,98.5,1.5,60.1,39.9,100,0,100,0,77.5,22.5,81.9,18.1,0.9,99.1,9.8,90.2,10.9,89.1,1,99,8.6,91.4,54.2,45.8,0,100,72.3,27.7,73,27,99.9,0.1,95.3,4.7,100,0,56.6,43.4,0.7,99.3,46.2,53.8,0,100,97,3,69.3,30.7,99.9,0.1,12.9,87.1,1,99,1.2,98.8,45.8,54.2,9.7,90.3,100,0,87.5,12.5,100,0,0,100,74.2,25.8,0,100
Sep 23,76.6,23.4,334,204,0.1,99.9,17.2,82.8,63.8,36.2,10.5,89.5,100,0,85,15,100,0,100,0,100,0,58.9,41.1,46.5,53.5,100,0,0,100,99.8,0.2,1.8,98.2,48.2,51.8,5.6,94.4,0.1,99.9,1.8,98.2,90.3,9.7,98.8,1.2,61.7,38.4,100,0,100,0,77.5,22.5,82.6,17.4,1,99,10.3,89.7,11.2,88.8,1.2,98.8,9,91,55.5,44.5,0,100,72.8,27.2,73.9,26.1,100,0,95.9,4.1,100,0,56.4,43.6,0.6,99.4,47.9,52.1,0,100,97.1,2.9,69.8,30.2,100,0,13.1,86.9,1.3,98.7,1.2,98.8,47.2,52.8,9.7,90.3,100,0,88.4,11.6,100,0,0,100,75.7,24.3,0,100
Sep 24,75.9,24.1,331.8,206.2,0.2,99.8,17.2,82.8,63,37,10.3,89.7,100,0,84.4,15.6,100,0,100,0,100,0,58.3,41.7,45.9,54.1,100,0,0,100,99.8,0.2,1.5,98.5,48.2,51.8,6.2,93.8,0.1,99.9,1.7,98.3,90.5,9.5,98.8,1.2,61.2,38.8,100,0,100,0,76,24,81.7,18.3,0.8,99.2,9.6,90.4,11,89,1.2,98.8,8.4,91.6,54.6,45.4,0,100,75,25,74.2,25.8,100,0,95.6,4.5,100,0,56.3,43.7,0.6,99.4,54,46,0,100,97,3,69.7,30.3,100,0,13,87,1.1,99,1.1,98.9,42.2,57.8,9.6,90.4,100,0,85.6,14.4,100,0,0,100,74,26,0,100
Sep 25,76,24,332.6,205.4,0.1,99.9,16.9,83.1,62.9,37.1,11,89,100,0,84.4,15.7,100,0,100,0,100,0,59.2,40.8,46.2,53.8,100,0,0,100,99.9,0.1,1.6,98.4,48.2,51.8,5.6,94.4,0,100,1.6,98.4,92.8,7.2,98.8,1.2,61,39,100,0,100,0,76.6,23.4,82.2,17.8,0.8,99.2,9.5,90.5,11.1,88.9,1.2,98.8,8.4,91.6,54.9,45.1,0,100,74.8,25.2,73.9,26.1,100,0,95.9,4.1,100,0,55.7,44.3,0.6,99.4,54.2,45.9,0,100,97.2,2.8,70.4,29.6,100,0,12.8,87.2,0.9,99.2,1,99,42.7,57.3,9.2,90.8,100,0,86.2,13.8,100,0,0,100,74.1,25.9,0,100
Sep 26,76.6,23.4,333.3,204.7,0.1,99.9,17.2,82.8,63.6,36.4,10.8,89.2,100,0,84.9,15.2,100,0,100,0,100,0,59.3,40.7,46.1,53.9,100,0,0,100,99.8,0.2,1.4,98.6,48.2,51.8,5.8,94.2,0.1,99.9,1.5,98.5,92.7,7.3,99,1,60.8,39.2,100,0,100,0,76.2,23.8,81.6,18.4,0.9,99.1,9.8,90.2,11.3,88.7,1.1,98.9,8.6,91.4,54.7,45.3,0,100,75.4,24.6,74.2,25.8,99.9,0.1,96,4,100,0,56.6,43.4,0.5,99.5,55,45,0,100,97.2,2.8,70.6,29.4,99.9,0.1,13,87,1,99,1.1,99,43.2,56.8,9.3,90.7,100,0,86.2,13.8,100,0,0,100,74.8,25.2,0,100
Sep 27,76.7,23.3,332.7,205.3,0.1,99.9,16.8,83.2,63.2,36.8,10.3,89.7,100,0,84.8,15.2,100,0,100,0,100,0,59,41,45.9,54.1,100,0,0,100,99.8,0.2,1.5,98.5,48.4,51.6,6.1,93.9,0,100,1.5,98.5,92.8,7.2,98.9,1.1,61.7,38.3,100,0,100,0,76.4,23.6,81.6,18.4,0.8,99.2,9.5,90.5,10.9,89.1,1,99,8.5,91.5,55,45,0,100,74.9,25.1,74.2,25.8,100,0,95.9,4.1,100,0,55.7,44.3,0.5,99.5,54.7,45.3,0,100,97.2,2.8,71,29,100,0,11,89,1,99,1.1,98.9,42.8,57.2,9.2,90.8,100,0,86.2,13.8,100,0,0,100,76,24,0,100
Sep 28,76.5,23.5,332.5,205.5,0.1,99.9,19.2,80.8,63.7,36.3,10.5,89.5,100,0,84.6,15.4,100,0,100,0,100,0,58.6,41.4,45.6,54.4,100,0,0,100,99.9,0.1,1.4,98.6,49,51,5.5,94.5,0.1,99.9,1.2,98.8,92.8,7.2,98.8,1.2,60.7,39.3,100,0,100,0,77,23,82.1,17.9,0.7,99.3,9.4,90.6,10.4,89.6,1,99,8.2,91.8,54.4,45.6,0,100,74.6,25.4,74.4,25.6,100,0,95.9,4.1,100,0,55.2,44.8,0.5,99.5,54.5,45.5,0,100,97.3,2.7,71.8,28.2,100,0,11.2,88.8,0.8,99.2,1,99,42.1,57.9,8.7,91.3,100,0,86,14,100,0,0,100,75.4,24.6,0,100
Sep 29,76.6,23.4,332.7,205.3,0.1,99.9,19.1,80.9,62.8,37.2,10.6,89.4,100,0,84.6,15.4,100,0,100,0,100,0,58.9,41.1,49.1,50.9,100,0,0,100,99.4,0.6,1.3,98.7,48,52,5.6,94.4,0.1,99.9,1.5,98.5,93.2,6.8,98.9,1.1,60.9,39.1,100,0,100,0,76.6,23.4,82.1,17.9,0.7,99.3,9.1,90.9,10.2,89.8,0.9,99.1,8.1,91.9,54.9,45.1,0,100,74.8,25.2,78.1,21.9,100,0,96,4,100,0,54.9,45.1,0.2,99.8,54.1,45.9,0,100,97.5,2.5,72.3,27.7,100,0,10.8,89.2,0.8,99.2,1,99,41.5,58.5,8.7,91.3,100,0,86.8,13.2,100,0,0,100,75.1,24.9,0,100
Sep 30,78.1,21.9,335.5,202.5,0.1,99.9,19.7,80.3,64.2,35.8,11.1,88.9,100,0,85.9,14.1,100,0,100,0,100,0,60.2,39.8,49.9,50.1,100,0,0,100,99.5,0.5,1.3,98.7,52,48,6,94,0.1,99.9,1.5,98.5,93.4,6.6,99.2,0.8,62.1,37.9,100,0,100,0,77.2,22.8,82.5,17.5,0.8,99.2,9.4,90.6,10.8,89.2,1.2,98.8,8.8,91.3,56.1,43.9,0,100,75.7,24.3,80.6,19.4,100,0,96.5,3.5,100,0,55.9,44.1,0.2,99.8,55.1,44.9,0,100,99,1,73.1,26.9,100,0,12.8,87.2,1,99,1,99,42.2,57.8,9.3,90.7,100,0,87.5,12.5,100,0,0,100,76,24,0,100
Oct 1,78.6,21.4,337.4,200.6,0.1,99.9,20.4,79.6,64.8,35.2,11.4,88.6,100,0,86.6,13.4,100,0,100,0,100,0,60.5,39.6,51.7,48.3,100,0,0,100,99.5,0.5,1.3,98.7,49.7,50.3,5.8,94.2,0,100,1.4,98.6,93,7,99.4,0.6,64.5,35.5,100,0,100,0,78.2,21.8,83.1,16.9,0.8,99.2,9.7,90.3,10.8,89.2,1.3,98.7,9.4,90.6,57.9,42.1,0,100,76,24,80.1,19.9,100,0,96.8,3.2,100,0,56,44,0.2,99.8,56,44,0,100,99.2,0.8,74.1,25.9,100,0,14.3,85.7,1.1,98.9,1,99,43.5,56.5,9.8,90.2,100,0,87.9,12.1,100,0,0,100,76.9,23.1,0,100
Oct 2,77.2,22.8,334,204,0.1,99.9,19.3,80.7,62.4,37.6,10.8,89.2,100,0,85.7,14.3,100,0,100,0,100,0,59.8,40.2,51.3,48.7,100,0,0,100,99.4,0.6,1.2,98.8,47.8,52.2,5.3,94.7,0,100,1.4,98.6,92.8,7.2,99.2,0.8,62.1,37.9,100,0,100,0,76.8,23.2,82.7,17.3,0.7,99.3,9.1,90.9,10.6,89.4,1,99,8.3,91.7,56.2,43.8,0,100,73.1,26.9,80.3,19.7,100,0,96.5,3.5,100,0,55.4,44.6,0.1,99.9,53.4,46.6,0,100,99.1,0.9,73.1,26.9,100,0,14,86,0.9,99.1,0.9,99.1,41.2,58.8,8.9,91.1,100,0,87.5,12.5,100,0,0,100,75.4,24.6,0,100
Oct 3,78,22,333.8,204.2,0,100,15.3,84.7,62.7,37.3,0.2,99.8,100,0,88.1,11.9,100,0,100,0,100,0,62.4,37.6,51.5,48.5,100,0,0,100,99.9,0.1,1.8,98.2,45.3,54.7,6.4,93.6,0,100,0.2,99.8,92.8,7.2,99.2,0.8,61.9,38.1,100,0,100,0,76.8,23.3,83,17,0.4,99.6,8.8,91.2,9.2,90.8,0.9,99.1,8.2,91.8,55.8,44.3,0,100,73.3,26.8,81.2,18.8,100,0,95.7,4.3,100,0,56.2,43.8,0,100,52.7,47.3,0,100,99.7,0.3,74,26,100,0,13.9,86.1,0.8,99.2,0.3,99.7,39.6,60.4,5.9,94.1,100,0,89.1,10.9,100,0,0,100,75.4,24.6,0,100
Oct 4,78.9,21.1,335.3,202.7,0,100,15.3,84.7,63.5,36.5,0.2,99.8,100,0,89,11,100,0,100,0,100,0,62.8,37.2,52.2,47.8,100,0,0,100,99.9,0.1,1.8,98.2,45.9,54.1,6.5,93.5,0,100,0.2,99.8,93.4,6.6,99.4,0.6,63.6,36.4,100,0,100,0,77.4,22.6,83.5,16.5,0.3,99.7,8.9,91.1,9.3,90.7,1.1,98.9,8.6,91.4,57.3,42.7,0,100,74.2,25.8,81.5,18.5,100,0,96.3,3.7,100,0,56.8,43.2,0,100,53.3,46.7,0,100,99.8,0.2,74.9,25.1,100,0,14,86,1,99,0.3,99.7,40.1,59.9,6.3,93.7,100,0,89.7,10.3,100,0,0,100,76.2,23.8,0,100
Oct 5,79.1,20.9,336.1,201.9,0,100,15.5,84.5,65.9,34.1,0.2,99.8,100,0,89.3,10.7,100,0,100,0,100,0,63.2,36.8,52.5,47.5,100,0,0,100,99.9,0.1,1.8,98.2,45.9,54.1,6.5,93.5,0,100,0.2,99.8,93.6,6.4,99.5,0.5,64.1,35.9,100,0,100,0,77.6,22.4,83.7,16.3,0.3,99.7,8.8,91.2,9.4,90.6,1.1,98.9,8.8,91.2,57.8,42.2,0,100,74.8,25.2,81.8,18.2,100,0,96.6,3.4,100,0,58.5,41.5,0,100,51.4,48.6,0,100,99.8,0.2,75.1,24.9,100,0,14,86,1,99,0.3,99.7,40.7,59.3,6.6,93.4,100,0,90.1,9.9,100,0,0,100,76,24,0,100
Oct 6,80.7,19.3,339.5,198.5,0,100,17.2,82.8,66.9,33.1,0.2,99.8,100,0,90.6,9.4,100,0,100,0,100,0,64.9,35.1,53.7,46.3,100,0,0,100,100,0,1.9,98.1,46.8,53.2,6.9,93.1,0,100,0.2,99.8,93.3,6.7,99.7,0.3,66.4,33.6,100,0,100,0,79.5,20.5,84.3,15.7,0.4,99.6,9.3,90.7,9.7,90.3,1.5,98.5,10,90,60.1,39.9,0,100,76.5,23.5,82.2,17.8,100,0,97.2,2.8,100,0,59.9,40.1,0,100,52.6,47.4,0,100,99.9,0.1,75.9,24.1,100,0,14.5,85.5,1.3,98.7,0.4,99.6,42.6,57.4,7.2,92.8,100,0,91.1,8.9,100,0,0,100,77,23,0,100
Oct 7,82.4,17.6,343.4,194.6,0,100,17.7,82.3,67,33,0.2,99.8,100,0,91.3,8.7,100,0,100,0,100,0,68.9,31.1,54.4,45.6,100,0,0,100,100,0,2,98,54.2,45.8,7.2,92.8,0,100,0.3,99.7,93.7,6.3,99.8,0.2,67.8,32.2,100,0,100,0,80,20,84.8,15.2,0.4,99.6,9.8,90.2,10,90,1.7,98.3,10.6,89.4,61.6,38.4,0,100,76.2,23.8,82.7,17.3,100,0,97.4,2.6,100,0,61.4,38.6,0,100,53.6,46.4,0,100,99.9,0.1,77.8,22.2,100,0,14.8,85.2,1.5,98.5,0.4,99.6,45.1,54.9,7.4,92.6,100,0,91.7,8.3,100,0,0,100,77.1,22.9,0,100
Oct 8,82.4,17.6,342.6,195.4,0,100,17.6,82.4,66.8,33.2,0.2,99.8,100,0,89.4,10.6,100,0,100,0,100,0,67.9,32.1,54.6,45.4,100,0,0,100,100,0,2.1,97.9,54.4,45.6,7.3,92.7,0,100,0.3,99.7,93.9,6.1,99.9,0.1,68.6,31.4,100,0,100,0,81.6,18.4,83.7,16.3,0.4,99.6,9.7,90.3,8.1,91.9,1.8,98.2,10.9,89.1,62.4,37.6,0,100,76.6,23.4,84.5,15.5,100,0,97.6,2.4,100,0,61.6,38.4,0,100,53.9,46.1,0,100,99.9,0.1,78.2,21.8,100,0,13.8,86.2,1.5,98.5,0.4,99.6,43.1,56.9,7.3,92.7,100,0,92.1,7.9,100,0,0,100,77.4,22.6,0,100
Oct 9,82.5,17.5,342.6,195.4,0,100,17.8,82.2,65.1,34.9,0.2,99.8,100,0,89.8,10.2,100,0,100,0,100,0,68.1,31.9,53.7,46.3,100,0,0,100,100,0,2,98,54.7,45.3,7.2,92.8,0,100,0.2,99.8,94.2,5.8,99.9,0.1,69.6,30.4,100,0,100,0,81.8,18.3,84,16,0.3,99.7,9.7,90.3,8.1,91.9,1.8,98.2,11.2,88.8,63.3,36.7,0,100,77,23,85,15,100,0,97.8,2.2,100,0,62.2,37.8,0,100,54,46,0,100,99.9,0.1,78.4,21.6,100,0,14,86,1.6,98.4,0.3,99.7,42.5,57.5,7.3,92.7,100,0,92.5,7.5,100,0,0,100,78.1,21.9,0,100
Oct 10,82.7,17.3,342.9,195.1,0,100,17.7,82.3,65,35,0.2,99.8,100,0,90,10,100,0,100,0,100,0,68.4,31.6,53.4,46.6,100,0,0,100,100,0,2.1,97.9,54.8,45.2,7.3,92.7,0,100,0.2,99.8,94.4,5.6,99.9,0.1,70,30,100,0,100,0,81.7,18.3,84.2,15.8,0.3,99.7,9.7,90.3,8.1,91.9,1.9,98.1,11.5,88.5,63.8,36.2,0,100,77.3,22.7,85.1,14.9,100,0,97.9,2.1,100,0,62.3,37.7,0,100,54.1,45.9,0,100,99.9,0.1,78.5,21.5,100,0,13.9,86.1,1.7,98.3,0.4,99.6,42.8,57.2,7.4,92.6,100,0,92.7,7.3,100,0,0,100,78.5,21.5,0,100
Oct 11,82.9,17.1,343.3,194.7,0,100,17.7,82.3,65.6,34.4,0.2,99.8,100,0,90.4,9.6,100,0,100,0,100,0,68.8,31.2,53.5,46.5,100,0,0,100,100,0,2,98,54.7,45.3,7.3,92.7,0,100,0.2,99.8,94.6,5.4,99.9,0.1,70.5,29.5,100,0,100,0,81.3,18.7,84.7,15.3,0.3,99.7,9.8,90.2,8.1,91.9,1.9,98.1,11.5,88.5,64.2,35.8,0,100,77.2,22.8,85.6,14.4,100,0,98,2,100,0,62.7,37.3,0,100,53.4,46.6,0,100,99.9,0.1,79.4,20.6,100,0,13.8,86.2,1.7,98.3,0.3,99.7,42.9,57.1,7.4,92.6,100,0,93.1,6.9,100,0,0,100,78.4,21.6,0,100
Oct 12,83.3,16.7,344.2,193.8,0,100,17.8,82.2,65.9,34.1,0.1,99.9,100,0,90.8,9.2,100,0,100,0,100,0,69.1,30.9,53.9,46.1,100,0,0,100,100,0,1.9,98.1,54.7,45.3,7.2,92.8,0,100,0.2,99.8,94.8,5.2,100,0,71.2,28.8,100,0,100,0,81.7,18.3,85,15,0.3,99.7,9.7,90.3,8.8,91.2,2,98,11.9,88.1,65,35,0,100,77.4,22.6,85.8,14.2,100,0,98.1,1.9,100,0,63.2,36.8,0,100,53.4,46.6,0,100,99.9,0.1,79.4,20.6,100,0,13.8,86.2,1.8,98.2,0.3,99.7,43.4,56.6,7.4,92.6,100,0,93.2,6.8,100,0,0,100,79.9,20.1,0,100
Oct 13,83.3,16.7,343.4,194.6,0,100,17.7,82.3,65.7,34.3,0.1,99.9,100,0,91.8,8.2,100,0,100,0,100,0,69.2,30.8,52.8,47.2,100,0,0,100,100,0,1.8,98.2,55,45,7.2,92.8,0,100,0.2,99.8,95.1,4.9,100,0,71.2,28.8,100,0,100,0,81.5,18.5,84.3,15.7,0.3,99.7,8.4,91.6,8.7,91.3,1.9,98.1,11.7,88.3,65.1,34.9,0,100,76.2,23.8,87.2,12.8,100,0,98.2,1.8,100,0,64.5,35.5,0,100,51.8,48.2,0,100,99.9,0.1,79.3,20.7,100,0,9.9,90.1,1.7,98.3,0.3,99.7,43.5,56.5,7.4,92.6,100,0,93.5,6.5,100,0,0,100,80,20,0,100
Oct 14,83.1,16.9,343,195,0,100,16.4,83.6,65.9,34.1,0.3,99.7,100,0,92.3,7.7,100,0,100,0,100,0,67.7,32.3,52.9,47.1,100,0,0,100,100,0,1.6,98.4,55.6,44.4,6.3,93.7,0,100,0.1,99.9,95.1,4.9,100,0,71.1,28.9,100,0,100,0,81.3,18.7,84.9,15.1,0.1,99.9,8.4,91.6,7.7,92.3,4.1,95.9,11.3,88.7,64.9,35.1,0,100,76.1,23.9,87.1,12.9,100,0,98,2,100,0,64.4,35.6,0,100,50.8,49.2,0,100,100,0,79.3,20.7,100,0,9.6,90.4,0.1,99.9,0.3,99.7,43.9,56.1,8.2,91.8,100,0,93.4,6.6,100,0,0,100,80.6,19.4,0,100
Oct 15,83.3,16.7,343.1,194.9,0,100,16.9,83.1,65.6,34.4,0.2,99.8,100,0,92.7,7.3,100,0,100,0,100,0,68.1,31.9,55.3,44.7,100,0,0,100,100,0,2.9,97.1,51.2,48.8,6.5,93.5,0,100,0.1,99.9,94.8,5.2,100,0,71,29,100,0,100,0,81.3,18.7,85,15,0.1,99.9,8.2,91.8,8.2,91.8,3.3,96.7,11.2,88.8,64.7,35.3,0,100,76.5,23.5,87.5,12.5,100,0,98,2,100,0,64.9,35.1,0,100,50.1,49.9,0,100,100,0,78.7,21.3,100,0,9,91,0.2,99.8,0.3,99.7,43.4,56.6,8.5,91.5,100,0,94.5,5.5,100,0,0,100,80.2,19.8,0,100
Oct 16,83.1,16.9,342.9,195.1,0,100,16,84,66,34,0.3,99.7,100,0,92.9,7.1,100,0,100,0,100,0,67.2,32.8,55.9,44.1,100,0,0,100,100,0,2.8,97.2,51.6,48.4,6.8,93.2,0,100,0.1,99.9,94.8,5.2,100,0,71.2,28.8,100,0,100,0,81.5,18.5,84.7,15.3,0.1,99.9,8,92,8.1,91.9,3.2,96.8,11.3,88.7,65.1,34.9,0,100,76.3,23.7,87.6,12.4,100,0,98.1,1.9,100,0,64,36,0,100,49.8,50.2,0,100,100,0,78.7,21.3,100,0,8.8,91.2,0.2,99.8,0.2,99.8,43.5,56.5,8.2,91.8,100,0,94.7,5.3,100,0,0,100,80.6,19.4,0,100
Oct 17,83.3,16.7,343.2,194.8,0,100,15.8,84.2,66.6,33.4,0.2,99.8,100,0,93,7,100,0,100,0,100,0,67.3,32.7,55.7,44.3,100,0,0,100,100,0,2.8,97.2,51.4,48.6,6.7,93.3,0,100,0.1,99.9,95,5,100,0,71.7,28.3,100,0,100,0,81.8,18.2,85.4,14.6,0.1,99.9,7.8,92.2,8.1,91.9,4,96,11.4,88.6,65.5,34.5,0,100,76.4,23.6,88.4,11.6,100,0,98,2,100,0,64.5,35.5,0,100,49.5,50.5,0,100,100,0,78.6,21.4,100,0,9,91,0.1,99.9,0.2,99.8,43.7,56.3,8.4,91.6,100,0,94.9,5.1,100,0,0,100,80.9,19.1,0,100
Oct 18,83.4,16.6,343.1,194.9,0,100,15.5,84.5,66.4,33.6,0.2,99.8,100,0,93.1,6.9,100,0,100,0,100,0,67.4,32.6,55.7,44.3,100,0,0,100,100,0,2.7,97.3,51.3,48.7,6.7,93.3,0,100,0.1,99.9,94.9,5.1,100,0,71.6,28.4,100,0,100,0,81.8,18.2,85.4,14.6,0.1,99.9,7.5,92.5,7.9,92.1,3.9,96.1,11.1,88.9,65.2,34.8,0,100,76.5,23.5,88.4,11.6,100,0,98.1,1.9,100,0,64.9,35.1,0,100,49.3,50.7,0,100,100,0,78.6,21.4,100,0,8.8,91.2,0.1,99.9,0.2,99.8,43.7,56.3,8.2,91.8,100,0,95,5,100,0,0,100,79.9,20.1,0,100
Oct 19,83.4,16.6,342.9,195.1,0,100,15.8,84.2,66.1,33.9,0.2,99.8,100,0,93.3,6.7,100,0,100,0,100,0,67.2,32.8,55.9,44.1,100,0,0,100,100,0,2.7,97.3,51.1,48.9,6.9,93.1,0,100,0.1,99.9,94.8,5.2,100,0,72.1,27.9,100,0,100,0,82.2,17.8,85.6,14.4,0.1,99.9,7.4,92.6,7.8,92.2,4,96,11.2,88.8,65.7,34.3,0,100,76.3,23.7,88.8,11.2,100,0,98.2,1.8,100,0,64.8,35.2,0,100,48.6,51.4,0,100,100,0,78.6,21.4,100,0,8.6,91.4,0.2,99.8,0.2,99.8,43.6,56.4,8.7,91.3,100,0,94.9,5.1,100,0,0,100,79.6,20.4,0,100
Oct 20,82.3,17.7,341.4,196.6,0,100,14.9,85.1,66.6,33.4,0,100,100,0,92.3,7.7,100,0,100,0,100,0,65.4,34.6,53.8,46.2,100,0,0,100,100,0,2.4,97.6,51.7,48.3,6.7,93.3,0,100,0.1,99.9,94.8,5.2,100,0,71.1,28.9,100,0,100,0,81.9,18.1,81.1,18.9,0,100,7.5,92.5,7.8,92.2,3.8,96.2,10.3,89.7,64.4,35.6,0,100,76.5,23.5,88.6,11.4,100,0,98.3,1.7,100,0,64.3,35.7,0,100,49.9,50.1,0,100,100,0,77.6,22.4,100,0,8,92,0.3,99.7,0.2,99.8,43.8,56.2,8.3,91.7,100,0,94.6,5.4,100,0,0,100,79.5,20.5,0,100
Oct 21,82.7,17.3,341.8,196.2,0,100,15.1,84.9,65.8,34.2,0,100,100,0,92.3,7.7,100,0,100,0,100,0,65.8,34.2,53.6,46.4,100,0,0,100,100,0,2.3,97.7,55.2,44.8,3.1,96.9,0,100,0.1,100,94.9,5.1,100,0,70.1,29.9,100,0,100,0,82.6,17.4,82.5,17.5,0,100,7.3,92.7,7.6,92.4,3.7,96.3,9.7,90.3,63.6,36.4,0,100,77.3,22.7,88.9,11.1,100,0,97.8,2.2,100,0,64.6,35.4,0,100,49.5,50.5,0,100,100,0,77.2,22.8,100,0,7.8,92.2,0.3,99.7,0.2,99.8,44.8,55.2,8.1,91.9,100,0,94.6,5.4,100,0,0,100,79.3,20.7,0,100
Oct 22,82.6,17.4,342.2,195.8,0,100,12.8,87.2,65.3,34.7,0,100,100,0,93.6,6.4,100,0,100,0,100,0,67,33,54.4,45.6,100,0,0,100,100,0,2.1,97.9,54.4,45.6,3.6,96.4,0,100,0,100,94.7,5.3,100,0,70.1,29.9,100,0,100,0,82.7,17.3,82.8,17.2,0,100,6.9,93.1,7.3,92.7,2.8,97.2,9.5,90.5,63.5,36.5,0,100,77.7,22.3,88.7,11.3,100,0,97.7,2.3,100,0,63.7,36.3,0,100,46.2,53.8,0,100,100,0,77,23,100,0,8.3,91.7,0.3,99.7,0.2,99.8,47.4,52.6,8.3,91.7,100,0,93.5,6.5,100,0,0,100,77.8,22.2,0,100
Oct 23,82.2,17.8,341.6,196.4,0,100,12.6,87.4,64.3,35.7,0,100,100,0,93.6,6.4,100,0,100,0,100,0,65.1,34.9,54.7,45.3,100,0,0,100,100,0,2.1,97.9,55.8,44.2,3.4,96.6,0,100,0,100,94.8,5.2,100,0,69.4,30.6,100,0,100,0,81.6,18.4,82.7,17.3,0,100,6.7,93.3,8.2,91.8,3.1,96.9,9.1,90.9,62.8,37.2,0,100,77.6,22.4,88.6,11.4,100,0,97.7,2.3,100,0,63.7,36.3,0,100,46,54,0,100,100,0,77.2,22.8,100,0,8.2,91.8,0.2,99.8,0.2,99.8,47.5,52.5,9.5,90.5,100,0,93.5,6.5,100,0,0,100,77.7,22.3,0,100
Oct 24,81.6,18.4,340,198,0,100,12.3,87.7,63.6,36.4,0,100,100,0,93.3,6.7,100,0,100,0,100,0,64.6,35.4,54,46,100,0,0,100,100,0,2,98,55.4,44.6,3.2,96.8,0,100,0,100,94.8,5.2,100,0,68.1,31.9,100,0,100,0,81.2,18.8,82.4,17.6,0,100,6.3,93.7,9.2,90.9,2.9,97.1,8.2,91.8,61.5,38.5,0,100,76.9,23.1,88.3,11.7,100,0,97.6,2.4,100,0,63.2,36.8,0,100,45.4,54.6,0,100,100,0,75.8,24.2,100,0,8,92,0.2,99.8,0.2,99.8,46.6,53.4,8.9,91.1,100,0,93.2,6.8,100,0,0,100,77.2,22.8,0,100
Oct 25,81.6,18.4,339.9,198.1,0,100,11.5,88.5,63.7,36.3,0,100,100,0,94.7,5.3,100,0,100,0,100,0,61.4,38.6,51.7,48.3,100,0,0,100,100,0,2,98,55.7,44.3,2.3,97.7,0,100,0,100,94.9,5.1,100,0,68.1,31.9,100,0,100,0,83.1,16.9,83.4,16.6,0,100,6.1,93.9,9.9,90.1,3.7,96.3,8.1,91.9,61.5,38.5,0,100,77.2,22.8,88.8,11.2,100,0,97.3,2.7,100,0,62.3,37.7,0,100,43.5,56.5,0,100,100,0,75.6,24.4,100,0,5.6,94.4,0.3,99.7,0.1,99.9,49.8,50.2,10.8,89.2,100,0,92.6,7.4,100,0,0,100,78.6,21.4,0,100
Oct 26,81.1,18.9,337.7,200.3,0,100,11.2,88.8,63.8,36.2,0,100,100,0,94.8,5.2,100,0,100,0,100,0,61.4,38.6,52.3,47.7,100,0,0,100,100,0,1.9,98.1,55.6,44.4,2.8,97.2,0,100,0,100,95,5,100,0,69.1,30.9,100,0,100,0,83.7,16.3,83.6,16.4,0,100,6,94,9.7,90.3,3.3,96.7,8.3,91.7,62.5,37.5,0,100,77.9,22.1,88.8,11.2,100,0,97.7,2.3,100,0,62.3,37.7,0,100,43.4,56.6,0,100,100,0,73.4,26.6,100,0,7.1,92.9,0.3,99.7,0.1,99.9,43.9,56.1,9.6,90.4,100,0,92.8,7.2,100,0,0,100,80,20,0,100
Oct 27,81.5,18.5,337.9,200.1,0,100,10.5,89.5,63.6,36.4,0,100,100,0,94.8,5.2,100,0,100,0,100,0,59.8,40.2,55.9,44.1,100,0,0,100,100,0,2.7,97.3,57.1,42.9,2.6,97.4,0,100,0,100,95,5,100,0,68.2,31.8,100,0,100,0,84.3,15.7,86.9,13.1,0,100,5.7,94.3,11.9,88.1,3.3,96.7,7.8,92.2,61.6,38.4,0,100,77.9,22.1,88.8,11.2,100,0,97.5,2.5,100,0,60.1,39.9,0,100,42.7,57.3,0,100,100,0,74.6,25.4,100,0,6.6,93.4,0.3,99.8,0.1,99.9,43.5,56.5,9.5,90.5,100,0,92.6,7.4,100,0,0,100,80.1,19.9,0,100
Oct 28,81.5,18.5,336.9,201.1,0,100,9.8,90.2,66.1,33.9,0,100,100,0,95.2,4.8,100,0,100,0,100,0,57.4,42.6,57.1,42.9,100,0,0,100,100,0,2.9,97.1,57,43,2.5,97.5,0,100,0,100,95.4,4.6,100,0,67.6,32.4,100,0,100,0,83.4,16.6,87.4,12.6,0,100,5.4,94.6,12.2,87.8,3.5,96.5,7.2,92.8,60.6,39.4,0,100,77.1,22.9,89.6,10.4,100,0,97.4,2.6,100,0,60.4,39.6,0,100,41.9,58.1,0,100,100,0,73.7,26.3,100,0,6.3,93.7,0.2,99.8,0.1,99.9,41.2,58.8,8.3,91.7,100,0,93.9,6.1,100,0,0,100,84.4,15.6,0,100
Oct 29,82.1,17.9,339.6,198.4,0,100,7.9,92.1,62.8,37.2,0,100,100,0,95.3,4.7,100,0,100,0,100,0,60.6,39.4,58.6,41.4,100,0,0,100,100,0,2.7,97.3,52.4,47.6,2.5,97.5,0,100,0,100,95.3,4.7,100,0,67.2,32.8,100,0,100,0,84,16,84.1,15.9,0,100,5.5,94.5,12,88,3.4,96.6,7.1,92.9,60.6,39.4,0,100,77,23,89.9,10.1,100,0,97.4,2.6,100,0,60.3,39.7,0,100,49.8,50.2,0,100,100,0,74,26,100,0,6.2,93.8,0.2,99.8,0.1,99.9,43.9,56.1,7.8,92.2,100,0,93.8,6.2,100,0,0,100,84.7,15.3,0,100
Oct 30,82.4,17.6,339.6,198.4,0,100,7.7,92.3,64.4,35.6,0,100,100,0,95.3,4.7,100,0,100,0,100,0,60.7,39.3,58.8,41.2,100,0,0,100,99.9,0.1,2.6,97.4,51.6,48.4,2.6,97.4,0,100,0,100,95.3,4.7,100,0,67.8,32.2,100,0,100,0,85.9,14.1,84.5,15.5,0,100,5.3,94.7,12.8,87.2,3,97,7.1,92.9,60.7,39.3,0,100,76.9,23.1,89.8,10.2,100,0,96.8,3.2,100,0,60.8,39.2,0,100,45.7,54.3,0,100,100,0,74.3,25.7,100,0,6.1,93.9,0.1,99.9,0.1,99.9,44,56,8.1,91.9,100,0,93.7,6.3,100,0,0,100,85.4,14.6,0,100
Oct 31,82.6,17.4,340,198,0,100,6.9,93.1,64.7,35.3,0,100,100,0,95.7,4.3,100,0,100,0,100,0,60,40,58.3,41.7,100,0,0,100,99.9,0.1,2.3,97.7,50.9,49.1,1.7,98.3,0,100,0,100,95,5,100,0,66.9,33.1,100,0,100,0,86.2,13.8,86.7,13.3,0,100,5.8,94.2,13,87,0.9,99.1,6.7,93.3,60.1,39.9,0,100,75.6,24.4,89.5,10.5,100,0,97.2,2.8,100,0,62,38,0,100,45.6,54.4,0,100,100,0,74.1,25.9,100,0,5.9,94.1,0.1,99.9,0.1,99.9,45.2,54.8,9.3,90.7,100,0,93.5,6.5,100,0,0,100,85.3,14.7,0,100
Nov 1,82,18,338.6,199.4,0,100,6.8,93.2,64.5,35.5,0,100,100,0,95.5,4.5,100,0,100,0,100,0,60.7,39.3,57.6,42.4,100,0,0,100,99.9,0.1,2.1,97.9,42.1,57.9,1.8,98.2,0,100,0,100,94.9,5.1,100,0,67,33,100,0,100,0,84.7,15.3,87.7,12.3,0,100,5.1,94.9,13.5,86.5,0.8,99.2,6.4,93.6,60,40,0,100,72.5,27.5,89.4,10.6,100,0,97.6,2.4,100,0,60.3,39.7,0,100,48.9,51.1,0,100,100,0,72.9,27.1,100,0,5.7,94.3,0,100,0.1,99.9,43.9,56.1,9,91,100,0,93.3,6.7,100,0,0,100,84.6,15.4,0,100
Nov 2,81.6,18.4,337.7,200.3,0,100,6.8,93.2,62,38,0,100,100,0,94,6,100,0,100,0,100,0,61.8,38.2,56.1,43.9,100,0,0,100,100,0,1.1,98.9,43.8,56.2,0.5,99.5,0,100,0,100,94.9,5.1,100,0,66.4,33.6,100,0,100,0,84,16,87.7,12.3,0,100,3.3,96.7,14.5,85.5,0.8,99.2,6.1,93.9,59.3,40.7,0,100,73.9,26.1,89.8,10.2,100,0,97.9,2.1,100,0,58.9,41.1,0,100,46.1,53.9,0,100,100,0,72.3,27.7,100,0,6.9,93.1,0,100,0.1,99.9,44.2,55.8,10.4,89.6,100,0,94.4,5.6,100,0,0,100,85,15,0,100
Nov 3,82.1,17.9,338.3,199.7,0,100,6.9,93.1,62.5,37.5,0,100,100,0,94.1,5.9,100,0,100,0,100,0,62.2,37.8,56.3,43.7,100,0,0,100,100,0,1.1,98.9,44.1,55.9,0.4,99.6,0,100,0,100,94.4,5.6,100,0,66.5,33.5,100,0,100,0,84.3,15.7,88,12,0,100,3.3,96.7,14.7,85.3,0.8,99.2,6.2,93.8,59.5,40.5,0,100,74.2,25.8,90,10,100,0,97.9,2.1,100,0,59.2,40.8,0,100,46.4,53.6,0,100,100,0,72.5,27.5,100,0,7,93,0,100,0.1,99.9,44.5,55.5,10.5,89.5,100,0,94.5,5.5,100,0,0,100,85.2,14.8,0,100